Data Source,World Development Indicators,,,,,,,,,,,,,,,
,,,,,,,,,,,,,,,,
Last Updated Date,28/10/19,,,,,,,,,,,,,,,
,,,,,,,,,,,,,,,,
Country Name,Country Code,Indicator Name,Indicator Code,2001,2003,2004,2006,2007,2008,2011,2012,2013,2014,2015,2016,2017
Aruba,ABW,Tax revenue (% of GDP),GC.TAX.TOTL.GD.ZS,,,,,,,,,,,,,
Afghanistan,AFG,Tax revenue (% of GDP),GC.TAX.TOTL.GD.ZS,,,,6.967597575,5.283456604,6.08796493,8.916793996,7.707800603,7.12277329,6.882102943,7.585382331,8.842616158,9.250468049
Angola,AGO,Tax revenue (% of GDP),GC.TAX.TOTL.GD.ZS,29.24667572,17.17157991,18.07456616,23.38516999,21.49916056,25.65014974,16.10341268,14.82271932,14.18476314,13.54263016,11.00201914,9.732512234,9.223777454
Albania,ALB,Tax revenue (% of GDP),GC.TAX.TOTL.GD.ZS,,17.19614992,17.96508682,,,,18.02201328,17.48323356,16.50327061,18.30193614,18.51578986,17.59022981,18.87974841
Andorra,AND,Tax revenue (% of GDP),GC.TAX.TOTL.GD.ZS,,,,,,,,,,,,,
Arab World,ARB,Tax revenue (% of GDP),GC.TAX.TOTL.GD.ZS,,,,,,,6.155689638,6.090189293,,5.150322984,5.316772027,,
United Arab Emirates,ARE,Tax revenue (% of GDP),GC.TAX.TOTL.GD.ZS,,,,,,,0.321413865,0.36378634,0.370450572,0.35572315,0.057734024,0.043494701,0.066983606
Argentina,ARG,Tax revenue (% of GDP),GC.TAX.TOTL.GD.ZS,9.324898794,12.5187797,13.1007799,12.8788867,12.44826845,13.31784636,12.6636277,12.95284151,12.45290276,12.61096661,12.33650694,12.09728364,10.95550149
Armenia,ARM,Tax revenue (% of GDP),GC.TAX.TOTL.GD.ZS,,,13.99640565,14.39598656,15.96253173,17.32175873,17.21941905,17.49164208,21.58621388,21.59917455,20.93122083,21.27737528,20.78065336
American Samoa,ASM,Tax revenue (% of GDP),GC.TAX.TOTL.GD.ZS,,,,,,,,,,,,,
Antigua and Barbuda,ATG,Tax revenue (% of GDP),GC.TAX.TOTL.GD.ZS,,,,,,,,,,,,,
Australia,AUS,Tax revenue (% of GDP),GC.TAX.TOTL.GD.ZS,24.82193156,24.32406113,24.33803811,24.60965647,24.11013139,24.26364102,20.33471173,21.19859309,22.02482967,21.98970304,22.002263,22.25264793,22.08996028
Austria,AUT,Tax revenue (% of GDP),GC.TAX.TOTL.GD.ZS,27.96557199,26.64696993,26.30867249,25.05044256,25.39199432,26.07751972,25.42798528,25.92819764,26.41517309,26.41789831,26.82700277,25.51657449,25.38010561
Azerbaijan,AZE,Tax revenue (% of GDP),GC.TAX.TOTL.GD.ZS,,,,,,16.42117537,12.22476095,12.77863937,13.38833316,14.21253565,15.60313423,14.55551657,13.16404551
Burundi,BDI,Tax revenue (% of GDP),GC.TAX.TOTL.GD.ZS,,,,,,,,,,,,,
Belgium,BEL,Tax revenue (% of GDP),GC.TAX.TOTL.GD.ZS,26.64002643,24.94918385,25.37628368,25.17081106,24.70989593,25.0875049,24.71130129,25.7045353,26.19038395,26.24864217,24.62727683,23.06992834,23.66287205
Benin,BEN,Tax revenue (% of GDP),GC.TAX.TOTL.GD.ZS,,,,,,,,,,,,,
Burkina Faso,BFA,Tax revenue (% of GDP),GC.TAX.TOTL.GD.ZS,,11.0910164,12.69900946,12.12247543,12.68569583,11.86432722,13.74683271,15.62609967,16.8171059,15.37169965,15.07492976,16.65659041,17.42699888
Bangladesh,BGD,Tax revenue (% of GDP),GC.TAX.TOTL.GD.ZS,6.611160271,6.965213904,7.046448418,7.043304058,6.917262669,7.656029883,8.685924706,9.02456269,8.962413316,8.635377737,8.498348828,8.765027652,
Bulgaria,BGR,Tax revenue (% of GDP),GC.TAX.TOTL.GD.ZS,17.27190335,19.92464113,21.21665639,21.11192974,22.88226869,22.17890096,17.7392303,18.97682483,19.89304364,19.5253152,20.20137126,20.04102943,20.08552441
Bahrain,BHR,Tax revenue (% of GDP),GC.TAX.TOTL.GD.ZS,4.103637924,3.306810726,4.216838363,,,,,,,,,,
"Bahamas, The",BHS,Tax revenue (% of GDP),GC.TAX.TOTL.GD.ZS,9.859542693,9.288519057,9.428334156,11.24833165,11.35886589,12.12136614,12.87831229,11.90844643,11.43762468,11.36726201,12.72396394,14.15882522,15.10097643
Bosnia and Herzegovina,BIH,Tax revenue (% of GDP),GC.TAX.TOTL.GD.ZS,,,,21.68995499,21.39426966,20.30211318,20.30566528,20.47753979,19.75154464,19.77790156,19.9342164,19.95149151,20.25933741
Belarus,BLR,Tax revenue (% of GDP),GC.TAX.TOTL.GD.ZS,15.75466424,17.68812191,18.3713469,22.22309662,23.72669873,25.35338921,14.50907256,14.66297503,13.35496285,12.69772453,14.17309447,13.78823561,13.01900561
Belize,BLZ,Tax revenue (% of GDP),GC.TAX.TOTL.GD.ZS,18.70201498,19.17432106,19.6634102,21.78456693,22.92307216,21.6991117,22.57244446,22.51092078,23.37237917,25.08687219,24.51999099,25.59086177,25.97005649
Bermuda,BMU,Tax revenue (% of GDP),GC.TAX.TOTL.GD.ZS,,,,,,,,,,,,,
Bolivia,BOL,Tax revenue (% of GDP),GC.TAX.TOTL.GD.ZS,11.78254596,12.97300023,15.01634882,16.81616822,16.9648658,,,,,,,,
Brazil,BRA,Tax revenue (% of GDP),GC.TAX.TOTL.GD.ZS,14.55976349,15.24438358,15.75277073,15.38131159,15.77553383,15.49281373,14.22012315,13.65145753,13.44169278,12.76168468,12.82486326,12.77294815,12.70473972
Barbados,BRB,Tax revenue (% of GDP),GC.TAX.TOTL.GD.ZS,,24.73968273,25.26213951,25.53288097,25.96947789,25.44473978,25.93406288,24.22759402,23.39379334,23.9660927,26.11659204,,
Brunei Darussalam,BRN,Tax revenue (% of GDP),GC.TAX.TOTL.GD.ZS,,,,,,,,,,,,,
Bhutan,BTN,Tax revenue (% of GDP),GC.TAX.TOTL.GD.ZS,8.527339576,9.365507829,7.682696858,9.030990682,7.51946727,8.41593234,13.50757775,14.70414816,14.37788345,13.2146602,12.75611754,12.49202496,12.03019512
Botswana,BWA,Tax revenue (% of GDP),GC.TAX.TOTL.GD.ZS,,,,26.93255733,25.71281584,27.37420135,23.66745472,27.11535993,25.60989266,25.79128205,24.68749465,20.85071443,22.14413374
Central African Republic,CAF,Tax revenue (% of GDP),GC.TAX.TOTL.GD.ZS,,,6.211979957,,,8.28435089,7.540403624,8.172377281,,1.778666635,5.821059757,6.93594314,
Canada,CAN,Tax revenue (% of GDP),GC.TAX.TOTL.GD.ZS,14.23159039,13.27575327,13.39031039,13.38728474,13.36941352,12.42102627,11.83153834,11.69256444,11.65239901,11.83636656,12.41860444,12.45503562,12.52123949
Central Europe and the Baltics,CEB,Tax revenue (% of GDP),GC.TAX.TOTL.GD.ZS,17.19676599,17.74237855,17.36240247,17.75265558,18.28804758,18.10014585,17.13997719,17.15357546,17.13847391,17.10602735,17.55702302,17.62239734,17.63260184
Switzerland,CHE,Tax revenue (% of GDP),GC.TAX.TOTL.GD.ZS,9.210830796,9.190743119,9.223924063,9.521761742,9.359673913,9.912922452,9.651738909,9.520371529,9.602815894,9.401768206,9.8416036,9.747283671,10.4934186
Channel Islands,CHI,Tax revenue (% of GDP),GC.TAX.TOTL.GD.ZS,,,,,,,,,,,,,
Chile,CHL,Tax revenue (% of GDP),GC.TAX.TOTL.GD.ZS,16.03355182,15.94896337,16.40223152,19.49190685,20.25693262,18.71185961,18.85899085,18.99486687,17.3869727,16.9701562,17.44376183,17.39631147,17.41872002
China,CHN,Tax revenue (% of GDP),GC.TAX.TOTL.GD.ZS,,,,9.057253983,9.771406923,10.10142693,10.31279448,10.2567678,9.907733077,9.713067852,9.416086828,9.20099957,
Cote d'Ivoire,CIV,Tax revenue (% of GDP),GC.TAX.TOTL.GD.ZS,14.31030335,13.3776189,14.19479364,14.65785867,15.05841675,15.05350275,10.93161991,14.39046854,14.54269745,13.97364016,15.44802829,15.70656503,16.18321331
Cameroon,CMR,Tax revenue (% of GDP),GC.TAX.TOTL.GD.ZS,,,,,,,,11.75459417,12.01041469,12.77587041,12.61280732,12.06988655,12.24545233
"Congo, Dem. Rep.",COD,Tax revenue (% of GDP),GC.TAX.TOTL.GD.ZS,,,,,,,,,,,,,
"Congo, Rep.",COG,Tax revenue (% of GDP),GC.TAX.TOTL.GD.ZS,9.070936874,8.647504676,7.813594406,5.523672884,6.297847296,5.769274586,8.794722634,9.415221494,10.99299983,12.09352171,17.71580737,15.07745321,
Colombia,COL,Tax revenue (% of GDP),GC.TAX.TOTL.GD.ZS,,11.25882686,,,,13.05717289,14.59722865,13.23937265,14.03127662,15.69974837,15.79726266,14.9553969,15.19461717
Comoros,COM,Tax revenue (% of GDP),GC.TAX.TOTL.GD.ZS,,,,,,,,,,,,,
Cabo Verde,CPV,Tax revenue (% of GDP),GC.TAX.TOTL.GD.ZS,,,,22.74444386,20.90676315,21.28379768,19.7309446,17.88198499,17.83930625,17.05275837,18.7780858,18.60381766,20.05367447
Costa Rica,CRI,Tax revenue (% of GDP),GC.TAX.TOTL.GD.ZS,13.41377052,13.64479512,13.41778747,13.91075261,14.93464546,15.32646268,13.36523403,13.31919766,13.74171499,13.41665899,13.65709299,13.91010125,13.77717057
Caribbean small states,CSS,Tax revenue (% of GDP),GC.TAX.TOTL.GD.ZS,19.4742764,20.25253675,20.68413541,24.54509446,22.99637667,24.55631802,22.7150027,22.91832998,22.4079484,23.09821618,23.50231574,,
Cuba,CUB,Tax revenue (% of GDP),GC.TAX.TOTL.GD.ZS,,,,,,,,,,,,,
Curacao,CUW,Tax revenue (% of GDP),GC.TAX.TOTL.GD.ZS,,,,,,,,,,,,,
Cayman Islands,CYM,Tax revenue (% of GDP),GC.TAX.TOTL.GD.ZS,,,,,,,,,,,,,
Cyprus,CYP,Tax revenue (% of GDP),GC.TAX.TOTL.GD.ZS,36.38576429,37.61498585,37.29678604,41.53925274,48.56341892,46.05431067,23.29889342,23.34153595,23.41336976,24.56391205,24.12766355,23.99757709,24.52682471
Czech Republic,CZE,Tax revenue (% of GDP),GC.TAX.TOTL.GD.ZS,14.80355362,15.05549779,15.49079755,14.08293332,14.50234459,13.44185569,14.31395809,14.68783067,14.94643408,14.17155545,14.55582215,14.67547122,14.87735838
Germany,DEU,Tax revenue (% of GDP),GC.TAX.TOTL.GD.ZS,10.92510953,10.95640698,10.38910077,10.81462446,11.27234674,11.39089057,11.44177839,11.57120794,11.55000991,11.43902348,11.34788085,11.18186565,11.35655745
Djibouti,DJI,Tax revenue (% of GDP),GC.TAX.TOTL.GD.ZS,,,,,,,,,,,,,
Dominica,DMA,Tax revenue (% of GDP),GC.TAX.TOTL.GD.ZS,,,,,,,,,,,,,
Denmark,DNK,Tax revenue (% of GDP),GC.TAX.TOTL.GD.ZS,30.16719583,30.14077788,31.29221449,31.86029116,35.09300117,33.42154071,32.75348927,33.44639821,33.81975266,36.50029166,33.92161929,33.45179544,33.32344521
Dominican Republic,DOM,Tax revenue (% of GDP),GC.TAX.TOTL.GD.ZS,13.38050699,11.74514298,12.52188432,13.99475989,14.88626837,14.16105352,12.29762551,13.02648297,13.50353563,13.61038485,13.24999603,13.50684437,13.71421056
Algeria,DZA,Tax revenue (% of GDP),GC.TAX.TOTL.GD.ZS,,,,,,,,,,,,,
East Asia & Pacific (excluding high income),EAP,Tax revenue (% of GDP),GC.TAX.TOTL.GD.ZS,,,,9.761572632,10.341549,10.88297133,10.88177334,10.81491114,10.61032374,10.37456567,10.12401788,9.868961469,
Early-demographic dividend,EAR,Tax revenue (% of GDP),GC.TAX.TOTL.GD.ZS,,,,,,13.30870295,12.39757425,12.4826039,12.70333357,12.44055455,12.99274251,13.14084159,13.05854392
East Asia & Pacific,EAS,Tax revenue (% of GDP),GC.TAX.TOTL.GD.ZS,,,,11.67960227,11.85026058,11.6484302,11.43309944,11.61052436,11.77487791,12.0300284,11.88534138,11.74564114,
Europe & Central Asia (excluding high income),ECA,Tax revenue (% of GDP),GC.TAX.TOTL.GD.ZS,15.17730655,13.98490431,14.00126209,,,16.98788451,16.05384628,15.69283118,15.3305911,15.27930944,14.10879585,13.17876129,13.53998494
Europe & Central Asia,ECS,Tax revenue (% of GDP),GC.TAX.TOTL.GD.ZS,19.59240903,18.84243491,18.81211424,19.7126106,19.88616028,19.45983535,19.04513382,19.16444386,19.38107977,19.36369278,19.16006133,19.03648896,19.27407783
Ecuador,ECU,Tax revenue (% of GDP),GC.TAX.TOTL.GD.ZS,,,,,,,,,,,,,
"Egypt, Arab Rep.",EGY,Tax revenue (% of GDP),GC.TAX.TOTL.GD.ZS,,13.34994012,13.83597775,15.82951271,15.34985231,15.32052485,14.0086354,12.38490476,13.49806493,12.22014085,12.5192111,,
Euro area,EMU,Tax revenue (% of GDP),GC.TAX.TOTL.GD.ZS,18.94022934,18.23031048,18.0088828,18.65872107,18.79891631,18.25898864,18.05466873,18.49257414,18.95858735,18.99756216,18.91659131,18.79257805,18.99061311
Eritrea,ERI,Tax revenue (% of GDP),GC.TAX.TOTL.GD.ZS,,,,,,,,,,,,,
Spain,ESP,Tax revenue (% of GDP),GC.TAX.TOTL.GD.ZS,15.85783557,14.62739212,14.96261986,16.12144758,16.72491018,13.25736299,12.44776725,12.23833086,13.99444083,14.25247153,14.41500604,13.855461,13.80711452
Estonia,EST,Tax revenue (% of GDP),GC.TAX.TOTL.GD.ZS,19.25056298,19.91014707,20.37814068,20.02898229,20.41584936,19.419855,19.25498267,19.93181749,20.14432738,20.73396681,21.64646569,21.82584093,21.12405908
Ethiopia,ETH,Tax revenue (% of GDP),GC.TAX.TOTL.GD.ZS,8.083871673,9.116895507,9.680762203,8.262845855,7.812529666,7.814144254,9.209358617,9.377594715,8.764725377,8.811955393,8.351338267,8.087065533,7.604891881
European Union,EUU,Tax revenue (% of GDP),GC.TAX.TOTL.GD.ZS,20.25336845,19.54982679,19.47937119,20.11248835,20.33890235,19.9377716,19.62655985,19.85201886,20.20441746,20.23803696,20.20960633,20.18730692,20.37197988
Fragile and conflict affected situations,FCS,Tax revenue (% of GDP),GC.TAX.TOTL.GD.ZS,,,,,,,,,,,,,
Finland,FIN,Tax revenue (% of GDP),GC.TAX.TOTL.GD.ZS,21.91870954,22.08433123,21.85112035,21.45538601,21.12024611,20.54968484,20.13267706,20.2609701,20.74329442,20.77440455,20.61042524,20.95264101,20.93712877
Fiji,FJI,Tax revenue (% of GDP),GC.TAX.TOTL.GD.ZS,,,22.19001559,23.18702332,,,23.02285286,23.23332967,23.64554489,22.72446579,23.73875088,23.50197382,25.00269863
France,FRA,Tax revenue (% of GDP),GC.TAX.TOTL.GD.ZS,23.48673775,22.21644408,22.26530338,22.68494295,22.26269213,22.14848573,21.95942516,22.68250157,23.36867422,23.31789754,23.36046782,23.20483732,23.80610031
Faroe Islands,FRO,Tax revenue (% of GDP),GC.TAX.TOTL.GD.ZS,,,,,,,,,,,,,
"Micronesia, Fed. Sts.",FSM,Tax revenue (% of GDP),GC.TAX.TOTL.GD.ZS,,,,,,4.292526761,4.976854907,4.908601114,5.486844728,12.59423508,5.440767283,6.046613838,11.34337799
Gabon,GAB,Tax revenue (% of GDP),GC.TAX.TOTL.GD.ZS,,,,,,,,14.06052433,16.05883561,15.10522888,12.83006855,11.46806371,
United Kingdom,GBR,Tax revenue (% of GDP),GC.TAX.TOTL.GD.ZS,25.79076589,24.53438799,25.18436932,25.70130882,25.83340794,26.42037326,25.8601462,25.11866914,25.11299591,24.83523514,25.09121291,25.47717113,25.71953266
Georgia,GEO,Tax revenue (% of GDP),GC.TAX.TOTL.GD.ZS,7.352412346,7.032846417,9.927424855,15.44826286,17.7152844,23.80929913,23.83348601,24.11826975,23.4202322,23.48844788,23.77407449,23.47091409,23.75721994
Ghana,GHA,Tax revenue (% of GDP),GC.TAX.TOTL.GD.ZS,17.19292789,18.47768613,21.75210552,12.80707166,13.87798455,13.89596791,14.86579036,,,10.94021522,18.26215239,,
Gibraltar,GIB,Tax revenue (% of GDP),GC.TAX.TOTL.GD.ZS,,,,,,,,,,,,,
Guinea,GIN,Tax revenue (% of GDP),GC.TAX.TOTL.GD.ZS,,,,,,,,,,,,,
"Gambia, The",GMB,Tax revenue (% of GDP),GC.TAX.TOTL.GD.ZS,4.203636894,5.583837732,7.848800414,7.976067446,13.02954054,14.67829982,,,,,,,
Guinea-Bissau,GNB,Tax revenue (% of GDP),GC.TAX.TOTL.GD.ZS,,,,,,,,,,,,,10.3228332
Equatorial Guinea,GNQ,Tax revenue (% of GDP),GC.TAX.TOTL.GD.ZS,,,,9.668882886,7.546688154,7.786359889,7.015790112,8.742219053,8.516349943,8.298900808,11.45673493,6.384406989,5.924105485
Greece,GRC,Tax revenue (% of GDP),GC.TAX.TOTL.GD.ZS,20.93777286,19.70767671,19.1347301,19.97920072,20.24284254,20.21361262,22.07373244,23.91007616,24.02046654,24.6394646,25.05100523,26.65167842,26.26214167
Grenada,GRD,Tax revenue (% of GDP),GC.TAX.TOTL.GD.ZS,,,,,,,,,,,,,
Greenland,GRL,Tax revenue (% of GDP),GC.TAX.TOTL.GD.ZS,,,,,,,,,,,,,
Guatemala,GTM,Tax revenue (% of GDP),GC.TAX.TOTL.GD.ZS,10.86302489,11.67385578,11.55273704,11.85697131,12.05936254,11.27381464,10.83781428,10.8359592,10.92610255,10.81807024,10.21308967,10.39394223,
Guam,GUM,Tax revenue (% of GDP),GC.TAX.TOTL.GD.ZS,,,,,,,,,,,,,
Guyana,GUY,Tax revenue (% of GDP),GC.TAX.TOTL.GD.ZS,,,,,,,,,,,,,
High income,HIC,Tax revenue (% of GDP),GC.TAX.TOTL.GD.ZS,15.68980411,14.3665791,14.4443868,15.54095217,15.59052436,14.90557457,14.18554424,14.40883646,14.86560485,15.13906162,15.22144503,15.17860749,15.67940338
"Hong Kong SAR, China",HKG,Tax revenue (% of GDP),GC.TAX.TOTL.GD.ZS,,,,,,,,,,,,,
Honduras,HND,Tax revenue (% of GDP),GC.TAX.TOTL.GD.ZS,,13.74646578,14.49585933,15.23835608,16.38500055,16.13051598,14.78797879,14.74747232,15.06324191,16.54263824,17.34447206,,
Heavily indebted poor countries (HIPC),HPC,Tax revenue (% of GDP),GC.TAX.TOTL.GD.ZS,,,,,,,,,,11.81882969,12.6962946,,
Croatia,HRV,Tax revenue (% of GDP),GC.TAX.TOTL.GD.ZS,20.84307151,21.65442091,20.88763501,21.26386267,21.2361881,20.70134323,19.21979874,19.73058196,20.3387268,19.91596468,20.81223042,21.39799273,21.61075223
Haiti,HTI,Tax revenue (% of GDP),GC.TAX.TOTL.GD.ZS,,,,,,,,,,,,,
Hungary,HUN,Tax revenue (% of GDP),GC.TAX.TOTL.GD.ZS,21.26238088,20.61046502,20.36215533,19.78170634,21.38955696,23.25006628,21.13499065,22.89203415,22.7502927,22.9914327,23.39414753,23.32075217,23.21622292
IBRD only,IBD,Tax revenue (% of GDP),GC.TAX.TOTL.GD.ZS,,,,12.83921066,13.30518349,13.2588825,12.92313594,12.79934014,12.62328977,12.28993245,12.17337127,11.98077836,
IDA & IBRD total,IBT,Tax revenue (% of GDP),GC.TAX.TOTL.GD.ZS,,,,12.78725884,13.24403009,13.21132731,12.87612223,12.74555312,12.58303023,12.27262243,12.17461884,11.97641049,
IDA total,IDA,Tax revenue (% of GDP),GC.TAX.TOTL.GD.ZS,,,,,,,,,,,,,
IDA blend,IDB,Tax revenue (% of GDP),GC.TAX.TOTL.GD.ZS,,,,,,,,,,,,,
Indonesia,IDN,Tax revenue (% of GDP),GC.TAX.TOTL.GD.ZS,11.57818458,12.38553206,12.3307679,,,13.31061783,11.15812785,11.38058994,11.28530146,10.83552375,10.75348778,10.3363487,9.879192687
IDA only,IDX,Tax revenue (% of GDP),GC.TAX.TOTL.GD.ZS,,,,,,,,,,10.78396099,11.29733602,,
Isle of Man,IMN,Tax revenue (% of GDP),GC.TAX.TOTL.GD.ZS,,,,,,,,,,,,,
India,IND,Tax revenue (% of GDP),GC.TAX.TOTL.GD.ZS,8.079454251,9.108084104,9.570816851,11.12933701,12.10834714,10.97717292,10.1773872,10.83677172,11.00162569,9.984654191,10.56970905,11.08709284,11.18207933
Not classified,INX,Tax revenue (% of GDP),GC.TAX.TOTL.GD.ZS,,,,,,,,,,,,,
Ireland,IRL,Tax revenue (% of GDP),GC.TAX.TOTL.GD.ZS,24.23444413,24.1638566,25.08846738,26.80739475,25.91960891,23.74938733,21.9701815,22.53824716,22.88250723,23.12771547,18.81648095,19.04531469,18.38550333
"Iran, Islamic Rep.",IRN,Tax revenue (% of GDP),GC.TAX.TOTL.GD.ZS,5.746903558,5.20132535,5.195323352,6.21768141,5.93768769,6.197809288,,,,,,,
Iraq,IRQ,Tax revenue (% of GDP),GC.TAX.TOTL.GD.ZS,,,,,,,,,,0.890475146,1.241369451,2.033648174,
Iceland,ISL,Tax revenue (% of GDP),GC.TAX.TOTL.GD.ZS,22.84588028,23.70877507,24.74940591,27.14521056,25.93059448,22.87047705,20.59430065,21.43933883,21.97133999,24.6430829,22.91581915,37.75291422,24.15649925
Israel,ISR,Tax revenue (% of GDP),GC.TAX.TOTL.GD.ZS,26.68944428,24.99349852,24.86527295,26.08284557,26.05086885,23.77375868,22.72172307,22.11041791,22.91812881,23.17181773,23.28071506,23.25358259,24.57841214
Italy,ITA,Tax revenue (% of GDP),GC.TAX.TOTL.GD.ZS,22.28117511,21.47392957,20.96753803,22.12404811,22.37674014,21.89233985,22.30059686,23.6317654,23.72804522,23.47833357,23.36217002,23.51605848,23.17750885
Jamaica,JAM,Tax revenue (% of GDP),GC.TAX.TOTL.GD.ZS,21.41481302,24.07110007,24.16749731,24.01438994,24.78654643,24.68475662,23.3643683,24.33289303,24.01202523,24.05563302,24.81937684,26.02650689,26.18952271
Jordan,JOR,Tax revenue (% of GDP),GC.TAX.TOTL.GD.ZS,18.68029646,18.21787761,20.99608415,24.5549491,24.68963512,17.5084111,14.92809438,15.26485994,15.29736974,15.77154465,15.21582467,15.28710025,15.02715981
Japan,JPN,Tax revenue (% of GDP),GC.TAX.TOTL.GD.ZS,9.895928337,8.91896344,9.352694056,10.51274133,10.10618629,8.931591654,9.356818207,9.682412944,10.36061765,11.46920658,11.42357202,11.15496587,11.64194651
Kazakhstan,KAZ,Tax revenue (% of GDP),GC.TAX.TOTL.GD.ZS,9.642300653,13.08323765,13.90867797,,,,18.25783421,13.31209815,16.03017776,14.19343274,9.835711552,9.924250197,10.55089391
Kenya,KEN,Tax revenue (% of GDP),GC.TAX.TOTL.GD.ZS,,,,,,,,,,16.87697939,16.25663539,16.18353249,15.6790484
Kyrgyz Republic,KGZ,Tax revenue (% of GDP),GC.TAX.TOTL.GD.ZS,,,,,,,,,,17.54865309,16.80166806,16.94917318,17.04628506
Cambodia,KHM,Tax revenue (% of GDP),GC.TAX.TOTL.GD.ZS,,7.537844416,8.117265035,8.178822069,9.696979265,10.55519636,10.15469287,11.08248635,12.07885296,14.62663089,14.5828781,14.82589055,15.78871893
Kiribati,KIR,Tax revenue (% of GDP),GC.TAX.TOTL.GD.ZS,,,,,,,17.62902327,18.31625184,18.03955638,17.74193925,22.08746918,24.92104996,22.16941777
St. Kitts and Nevis,KNA,Tax revenue (% of GDP),GC.TAX.TOTL.GD.ZS,15.17450298,20.77554105,20.35716143,20.44357308,20.59664269,19.64070816,18.45852924,18.46353395,18.36626873,19.18348403,20.07358314,19.26983943,18.55310228
"Korea, Rep.",KOR,Tax revenue (% of GDP),GC.TAX.TOTL.GD.ZS,13.92003864,14.14009836,13.446495,14.28949254,15.47643564,15.1477747,14.43565579,14.7179218,14.31121469,13.92590169,13.94804577,14.82501283,15.37580886
Kuwait,KWT,Tax revenue (% of GDP),GC.TAX.TOTL.GD.ZS,1.037286235,1.324735403,1.324427699,0.970478453,1.08652282,0.875820293,0.799781707,0.716305914,0.777452265,0.890139117,1.380778748,,
Latin America & Caribbean (excluding high income),LAC,Tax revenue (% of GDP),GC.TAX.TOTL.GD.ZS,,,,,,13.65749879,12.9942502,12.63784379,12.67782249,12.5763102,13.08384298,13.13566314,12.87485081
Lao PDR,LAO,Tax revenue (% of GDP),GC.TAX.TOTL.GD.ZS,,,,,,,,,,,,,
Lebanon,LBN,Tax revenue (% of GDP),GC.TAX.TOTL.GD.ZS,11.8780772,15.37671346,16.51981552,14.99061862,14.91640553,16.35737364,16.31662712,15.12451921,14.07017322,14.05087769,13.45304621,13.50114033,15.25455972
Liberia,LBR,Tax revenue (% of GDP),GC.TAX.TOTL.GD.ZS,,,,,,,,,,,,,
Libya,LBY,Tax revenue (% of GDP),GC.TAX.TOTL.GD.ZS,,,,,,,,,,,,,
St. Lucia,LCA,Tax revenue (% of GDP),GC.TAX.TOTL.GD.ZS,18.43679718,18.07212876,19.23839615,19.71136882,19.07818278,20.87778149,19.59966615,19.0671561,20.36107417,20.54277912,20.61618653,21.18944184,20.12162882
Latin America & Caribbean,LCN,Tax revenue (% of GDP),GC.TAX.TOTL.GD.ZS,,,,,,14.00568237,13.37844329,13.04668654,13.01044622,12.89990293,13.3998559,13.41529248,13.14048205
Least developed countries: UN classification,LDC,Tax revenue (% of GDP),GC.TAX.TOTL.GD.ZS,,,,,,,10.98761642,10.53209594,10.69383857,10.77487304,10.39126297,10.3617459,
Low income,LIC,Tax revenue (% of GDP),GC.TAX.TOTL.GD.ZS,,,,,,,,,,,,,
Liechtenstein,LIE,Tax revenue (% of GDP),GC.TAX.TOTL.GD.ZS,,,,,,,,,,,,,
Sri Lanka,LKA,Tax revenue (% of GDP),GC.TAX.TOTL.GD.ZS,14.62550039,12.71067585,13.46596896,14.57725918,14.22160859,13.27733443,11.25639334,10.40841476,10.48662317,10.13750624,12.37995191,12.20138961,12.44702968
Lower middle income,LMC,Tax revenue (% of GDP),GC.TAX.TOTL.GD.ZS,10.28889113,11.0498866,11.34073154,,,13.16638067,11.85946227,12.06923974,12.04521461,11.47774624,11.87532261,11.84428162,12.04370912
Low & middle income,LMY,Tax revenue (% of GDP),GC.TAX.TOTL.GD.ZS,,,,12.47061009,12.9194128,12.94941911,12.64482952,12.52598126,12.38233229,12.06806017,11.95541304,11.72834181,
Lesotho,LSO,Tax revenue (% of GDP),GC.TAX.TOTL.GD.ZS,25.78220615,27.11488202,28.961325,33.91959335,38.53203276,38.44059876,27.94908379,35.23783167,33.62804413,33.9174092,31.74390073,26.65188211,29.10837828
Late-demographic dividend,LTE,Tax revenue (% of GDP),GC.TAX.TOTL.GD.ZS,,,,12.76673928,13.26378025,13.26541053,12.55825968,12.31433044,11.99883995,11.83152231,11.30394657,11.08583367,
Lithuania,LTU,Tax revenue (% of GDP),GC.TAX.TOTL.GD.ZS,19.38069762,19.04270901,19.34284114,20.46218072,20.34870279,20.45934789,15.50309451,15.55868691,15.63686882,15.84198082,16.65347172,16.94692465,16.66561399
Luxembourg,LUX,Tax revenue (% of GDP),GC.TAX.TOTL.GD.ZS,25.15272636,24.71170343,24.23608562,24.23872497,24.65648567,24.68836173,24.59234578,25.71065373,25.89443212,25.70804014,25.32859005,25.63728087,25.98080987
Latvia,LVA,Tax revenue (% of GDP),GC.TAX.TOTL.GD.ZS,20.69071393,20.24507912,20.41890536,22.24995347,21.71634808,20.83255649,20.05232142,21.11317489,21.7129406,22.05040277,22.6014852,23.80102424,23.4264913
"Macao SAR, China",MAC,Tax revenue (% of GDP),GC.TAX.TOTL.GD.ZS,16.51565524,20.17363127,21.38427737,21.2552181,25.60047511,30.39433858,37.56298736,36.93783946,36.37696818,34.80529208,28.94865146,27.62106221,28.93623373
St. Martin (French part),MAF,Tax revenue (% of GDP),GC.TAX.TOTL.GD.ZS,,,,,,,,,,,,,
Morocco,MAR,Tax revenue (% of GDP),GC.TAX.TOTL.GD.ZS,,18.78977248,18.97885165,21.45102144,23.90540285,26.49262558,23.29675614,23.90364037,22.34908936,22.02695111,21.21149899,21.44890129,21.75019124
Monaco,MCO,Tax revenue (% of GDP),GC.TAX.TOTL.GD.ZS,,,,,,,,,,,,,
Moldova,MDA,Tax revenue (% of GDP),GC.TAX.TOTL.GD.ZS,12.17120031,14.67291369,16.35750648,19.57105102,20.56670079,20.4460968,15.24032716,15.59534633,15.46963596,16.63749486,16.40123682,16.24579227,17.44261223
Madagascar,MDG,Tax revenue (% of GDP),GC.TAX.TOTL.GD.ZS,,10.00898251,10.87752385,10.66965596,11.4329106,12.97937359,10.17114271,9.767940427,10.29536574,9.903760452,10.39464329,10.99934463,11.45086924
Maldives,MDV,Tax revenue (% of GDP),GC.TAX.TOTL.GD.ZS,9.826307389,9.420701834,10.48943585,11.75644071,12.14744951,11.57888281,12.07813398,,,19.46368533,,,
Middle East & North Africa,MEA,Tax revenue (% of GDP),GC.TAX.TOTL.GD.ZS,,,,,,,,,,,,,
Mexico,MEX,Tax revenue (% of GDP),GC.TAX.TOTL.GD.ZS,,,,,,10.02376741,10.01240267,9.773015605,10.29457862,10.63196811,12.79662196,13.54268202,13.04335906
Marshall Islands,MHL,Tax revenue (% of GDP),GC.TAX.TOTL.GD.ZS,,,,,,18.43017383,16.74290879,15.7817451,15.92474036,15.907718,17.49887172,17.79191138,18.16798858
Middle income,MIC,Tax revenue (% of GDP),GC.TAX.TOTL.GD.ZS,,,,12.49059749,12.94268439,12.96890885,12.65543942,12.5328788,12.38429042,12.06554073,11.95300902,11.71637064,
North Macedonia,MKD,Tax revenue (% of GDP),GC.TAX.TOTL.GD.ZS,,,,18.08266169,19.07483022,18.52394611,16.999651,16.41665042,15.668958,16.23528371,16.81823312,16.95115782,17.20302834
Mali,MLI,Tax revenue (% of GDP),GC.TAX.TOTL.GD.ZS,10.58547675,12.76795381,13.68704434,13.31614483,13.05597059,11.89578767,12.54521403,12.99131346,13.02560318,12.64663997,14.09510924,15.40227657,15.87056853
Malta,MLT,Tax revenue (% of GDP),GC.TAX.TOTL.GD.ZS,48.53345988,53.98873167,55.34448959,60.21603875,62.85861149,26.13144713,26.14727413,26.38972017,26.74287891,26.75166208,25.21312855,25.70966485,26.43386269
Myanmar,MMR,Tax revenue (% of GDP),GC.TAX.TOTL.GD.ZS,2.257140411,2.210411864,3.272456656,,,,,4.524093697,5.529567589,5.835822256,6.00602943,6.406103741,6.017069344
Middle East & North Africa (excluding high income),MNA,Tax revenue (% of GDP),GC.TAX.TOTL.GD.ZS,,,,,,,,,,,,,
Montenegro,MNE,Tax revenue (% of GDP),GC.TAX.TOTL.GD.ZS,,,,,,,,,,,,,
Mongolia,MNG,Tax revenue (% of GDP),GC.TAX.TOTL.GD.ZS,14.66205919,18.03874557,,28.70997468,23.47917648,21.65181536,18.46699109,15.31214218,15.73120804,12.90163424,11.76281408,11.34553018,13.60284646
Northern Mariana Islands,MNP,Tax revenue (% of GDP),GC.TAX.TOTL.GD.ZS,,,,,,,,,,,,,
Mozambique,MOZ,Tax revenue (% of GDP),GC.TAX.TOTL.GD.ZS,,,,,,,18.7033648,20.36511647,23.12637099,25.40253745,21.91347128,22.23639055,23.18297441
Mauritania,MRT,Tax revenue (% of GDP),GC.TAX.TOTL.GD.ZS,,,,,,,,,,,,,
Mauritius,MUS,Tax revenue (% of GDP),GC.TAX.TOTL.GD.ZS,15.14080128,16.09532762,16.24026706,16.02867142,15.10546176,16.96721946,18.00451841,18.62170749,18.36660875,18.46618647,8.993956959,18.12841351,18.54687111
Malawi,MWI,Tax revenue (% of GDP),GC.TAX.TOTL.GD.ZS,,,,,,,15.45184375,13.55707479,14.1290373,15.934136,15.24219537,15.48908132,17.28792384
Malaysia,MYS,Tax revenue (% of GDP),GC.TAX.TOTL.GD.ZS,17.79488881,15.49565512,15.1990617,14.51622131,14.30372284,14.6629773,14.79435317,15.61314674,15.31023528,14.84079071,14.28046125,13.75632402,13.12704248
North America,NAC,Tax revenue (% of GDP),GC.TAX.TOTL.GD.ZS,12.07347727,9.742415074,9.888761205,11.49962312,11.49434971,10.50718082,9.778606386,9.968912425,10.622411,11.03183557,11.31477815,11.11654154,11.99948757
Namibia,NAM,Tax revenue (% of GDP),GC.TAX.TOTL.GD.ZS,26.92156198,23.74657245,24.75508788,29.67155273,30.90927303,30.08915621,29.98127587,32.93275144,31.53881738,33.64857399,32.51737375,28.59192414,30.10901003
New Caledonia,NCL,Tax revenue (% of GDP),GC.TAX.TOTL.GD.ZS,,,,,,,,,,,,,
Niger,NER,Tax revenue (% of GDP),GC.TAX.TOTL.GD.ZS,,,,,,,,,,,,,
Nigeria,NGA,Tax revenue (% of GDP),GC.TAX.TOTL.GD.ZS,,,,,,,,,,,,,
Nicaragua,NIC,Tax revenue (% of GDP),GC.TAX.TOTL.GD.ZS,9.802508066,11.7208159,12.18817918,13.68420847,13.86208708,13.20167605,14.51970305,15.00914108,15.02043496,15.31622783,15.58957524,16.16648211,16.50469593
Netherlands,NLD,Tax revenue (% of GDP),GC.TAX.TOTL.GD.ZS,21.21415868,20.35373725,20.17000261,21.60001095,21.59520003,21.14391577,20.22944251,19.40774864,19.69209479,20.63642861,21.16062422,21.90511014,23.10030807
Norway,NOR,Tax revenue (% of GDP),GC.TAX.TOTL.GD.ZS,26.1294209,25.86407988,27.32436541,28.89692287,28.11028036,27.86564893,27.67624488,26.96184092,25.07716443,23.46595523,22.08936422,21.84428794,22.47830872
Nepal,NPL,Tax revenue (% of GDP),GC.TAX.TOTL.GD.ZS,8.802574747,8.651811853,8.9749585,8.77975841,9.772473404,10.44008641,13.25974385,13.86216857,15.29282111,15.90397662,16.70976224,18.68745181,20.952273
Nauru,NRU,Tax revenue (% of GDP),GC.TAX.TOTL.GD.ZS,,,,,,,,,,16.97066844,14.41370558,24.12737673,21.69704907
New Zealand,NZL,Tax revenue (% of GDP),GC.TAX.TOTL.GD.ZS,28.55763254,29.24813843,29.25793128,31.96581296,30.08199266,31.49015389,25.55528881,26.82136875,26.6464712,26.82236744,27.46937792,27.39266309,27.76920602
OECD members,OED,Tax revenue (% of GDP),GC.TAX.TOTL.GD.ZS,15.71668638,14.37990575,14.46206224,15.55728139,15.59734314,14.83773558,14.39298177,14.5982006,15.06393415,15.3336403,15.46578848,15.40337045,15.8769143
Oman,OMN,Tax revenue (% of GDP),GC.TAX.TOTL.GD.ZS,,,,,,,,,,,,,
Other small states,OSS,Tax revenue (% of GDP),GC.TAX.TOTL.GD.ZS,,,,,,,,,,,,,
Pakistan,PAK,Tax revenue (% of GDP),GC.TAX.TOTL.GD.ZS,,,,,,,,,,,,,
Panama,PAN,Tax revenue (% of GDP),GC.TAX.TOTL.GD.ZS,,,,,,,,,,,,,
Peru,PER,Tax revenue (% of GDP),GC.TAX.TOTL.GD.ZS,12.89710563,13.41152116,13.66336894,15.6699876,16.40746835,16.51217092,15.96889515,16.5466871,16.43300669,16.70375816,14.92330459,13.7978046,13.20350199
Philippines,PHL,Tax revenue (% of GDP),GC.TAX.TOTL.GD.ZS,12.69319142,12.10175226,11.81598762,13.71187088,13.53488654,13.58939442,12.38154015,12.88795126,13.3095109,13.60544233,13.62760378,13.67639707,14.2379464
Palau,PLW,Tax revenue (% of GDP),GC.TAX.TOTL.GD.ZS,,,,,,16.65173858,18.30878368,17.9828529,18.35611907,19.20106067,19.3116872,19.58873923,19.63871115
Papua New Guinea,PNG,Tax revenue (% of GDP),GC.TAX.TOTL.GD.ZS,24.6964497,,,,,,,,,17.9100167,15.22739434,12.94864123,12.86806006
Poland,POL,Tax revenue (% of GDP),GC.TAX.TOTL.GD.ZS,16.08835679,16.74547539,15.70174329,17.18591095,18.1252184,18.16356665,16.69128122,15.96452736,15.56236213,15.49688159,15.6016349,16.37246979,16.8060447
Pre-demographic dividend,PRE,Tax revenue (% of GDP),GC.TAX.TOTL.GD.ZS,,,,,,,,,,,,,
Puerto Rico,PRI,Tax revenue (% of GDP),GC.TAX.TOTL.GD.ZS,,,,,,,,,,,,,
"Korea, Dem. People’s Rep.",PRK,Tax revenue (% of GDP),GC.TAX.TOTL.GD.ZS,,,,,,,,,,,,,
Portugal,PRT,Tax revenue (% of GDP),GC.TAX.TOTL.GD.ZS,20.63181937,20.90846966,19.9329892,21.06590959,21.3312418,21.03196341,21.23463396,20.88257905,22.7506508,22.72343063,22.86070611,22.40247102,22.61456872
Paraguay,PRY,Tax revenue (% of GDP),GC.TAX.TOTL.GD.ZS,,,,8.350504183,7.837877891,8.106741196,9.378146269,9.454565134,8.97252021,9.769710003,9.749454783,9.568414221,9.953470067
West Bank and Gaza,PSE,Tax revenue (% of GDP),GC.TAX.TOTL.GD.ZS,,,,4.600788518,4.633400535,5.059761418,5.251954108,4.562387893,4.805542849,5.712687509,5.596604103,6.097454816,6.386103326
Pacific island small states,PSS,Tax revenue (% of GDP),GC.TAX.TOTL.GD.ZS,,,,,,,21.02620794,21.10223732,21.5395708,21.3864835,21.68938023,21.89394101,23.09140097
Post-demographic dividend,PST,Tax revenue (% of GDP),GC.TAX.TOTL.GD.ZS,15.60072973,14.2485405,14.33505701,15.42698659,15.46694504,14.79957188,14.32653465,14.56704195,15.04252652,15.32216197,15.43005776,15.32736311,15.84824321
French Polynesia,PYF,Tax revenue (% of GDP),GC.TAX.TOTL.GD.ZS,,,,,,,,,,,,,
Qatar,QAT,Tax revenue (% of GDP),GC.TAX.TOTL.GD.ZS,,,,,,,,,,,,,
Romania,ROU,Tax revenue (% of GDP),GC.TAX.TOTL.GD.ZS,16.63341608,17.77476375,17.42126616,17.94705723,17.53952573,16.78534499,18.07745016,17.93047125,17.60828465,17.88468002,18.87805264,16.74751946,15.4607666
Russian Federation,RUS,Tax revenue (% of GDP),GC.TAX.TOTL.GD.ZS,15.7786996,13.3140302,13.23402539,16.56821576,16.55131306,15.81806782,13.91518992,13.74246826,12.90728463,13.25058552,10.64121052,9.140619348,10.25956864
Rwanda,RWA,Tax revenue (% of GDP),GC.TAX.TOTL.GD.ZS,,,,,,,,,,13.31802943,13.7000979,14.78964789,13.62459572
South Asia,SAS,Tax revenue (% of GDP),GC.TAX.TOTL.GD.ZS,8.171567664,9.060158753,9.502912702,10.89497106,11.73791611,10.77116389,10.12699245,10.70517446,10.85627672,9.934984996,10.50871206,11.00743218,11.29086596
Saudi Arabia,SAU,Tax revenue (% of GDP),GC.TAX.TOTL.GD.ZS,,,,,,,2.331966765,2.538420097,2.733928686,2.77137882,3.334403723,3.389982246,3.384836237
Sudan,SDN,Tax revenue (% of GDP),GC.TAX.TOTL.GD.ZS,,,,,,,4.490601977,6.395470935,7.040072995,7.464107744,7.198603026,7.961450793,
Senegal,SEN,Tax revenue (% of GDP),GC.TAX.TOTL.GD.ZS,,,,,,,,,,,15.77426099,,
Singapore,SGP,Tax revenue (% of GDP),GC.TAX.TOTL.GD.ZS,14.58551915,12.44607416,11.60451158,11.83102218,12.8204282,13.75439145,13.10572195,13.58066874,13.27125008,13.55655713,13.13977453,13.35034682,14.19087441
Solomon Islands,SLB,Tax revenue (% of GDP),GC.TAX.TOTL.GD.ZS,,,,,,,28.69651185,29.16214069,30.28309942,29.16146469,29.15552725,26.6821965,27.55168002
Sierra Leone,SLE,Tax revenue (% of GDP),GC.TAX.TOTL.GD.ZS,,,,,,,,,,,,,
El Salvador,SLV,Tax revenue (% of GDP),GC.TAX.TOTL.GD.ZS,13.30670083,12.67829709,12.65445486,15.67011126,16.74489602,17.0602069,15.34403351,16.18242826,17.05472746,16.7087952,16.75268491,17.38158292,17.79023005
San Marino,SMR,Tax revenue (% of GDP),GC.TAX.TOTL.GD.ZS,,15.41523672,14.52427954,15.70469071,15.49411779,15.3668311,14.24046369,16.06160278,15.35354228,,16.6656748,15.65491583,
Somalia,SOM,Tax revenue (% of GDP),GC.TAX.TOTL.GD.ZS,,,,,,,,,,,,,0.000107574
Serbia,SRB,Tax revenue (% of GDP),GC.TAX.TOTL.GD.ZS,,,,,21.30211447,21.14784382,19.05474094,18.55250021,,,,,
Sub-Saharan Africa (excluding high income),SSA,Tax revenue (% of GDP),GC.TAX.TOTL.GD.ZS,,,,,,,,,,18.93543237,18.86331845,18.7072888,
South Sudan,SSD,Tax revenue (% of GDP),GC.TAX.TOTL.GD.ZS,,,,,,,,,,,,,
Sub-Saharan Africa,SSF,Tax revenue (% of GDP),GC.TAX.TOTL.GD.ZS,,,,,,,,,,18.94860884,18.87540444,18.72272308,
Small states,SST,Tax revenue (% of GDP),GC.TAX.TOTL.GD.ZS,,,,,,,,,,,,,
Sao Tome and Principe,STP,Tax revenue (% of GDP),GC.TAX.TOTL.GD.ZS,,,,,,,,,,,,,
Suriname,SUR,Tax revenue (% of GDP),GC.TAX.TOTL.GD.ZS,,,,,,,,,,,,,
Slovak Republic,SVK,Tax revenue (% of GDP),GC.TAX.TOTL.GD.ZS,17.23454329,17.63927149,17.24557193,16.75461081,16.71579872,16.40637863,15.50155071,14.97135083,15.92241367,16.69956003,17.54446226,17.42511915,17.74488616
Slovenia,SVN,Tax revenue (% of GDP),GC.TAX.TOTL.GD.ZS,19.95027883,20.62191523,20.60106635,20.83755211,20.02955902,19.39492279,17.91762013,17.95506951,18.00613113,18.18379736,18.4861393,18.63167872,18.43742575
Sweden,SWE,Tax revenue (% of GDP),GC.TAX.TOTL.GD.ZS,27.93551434,26.87988905,27.19022163,28.46220584,28.4166262,26.99572867,26.45355436,26.04981307,26.21171142,26.27641988,26.97516127,27.75667159,27.85329799
Eswatini,SWZ,Tax revenue (% of GDP),GC.TAX.TOTL.GD.ZS,,,,,,,,,,,,,
Sint Maarten (Dutch part),SXM,Tax revenue (% of GDP),GC.TAX.TOTL.GD.ZS,,,,,,,,,,,,,
Seychelles,SYC,Tax revenue (% of GDP),GC.TAX.TOTL.GD.ZS,,,,24.69255027,23.25125933,22.36789046,31.49106655,30.40517837,28.06605578,30.08247274,29.5985834,31.6735115,
Syrian Arab Republic,SYR,Tax revenue (% of GDP),GC.TAX.TOTL.GD.ZS,,,,,,,,,,,,,
Turks and Caicos Islands,TCA,Tax revenue (% of GDP),GC.TAX.TOTL.GD.ZS,,,,,,,,,,,,,
Chad,TCD,Tax revenue (% of GDP),GC.TAX.TOTL.GD.ZS,,,,,,,,,,,,,
East Asia & Pacific (IDA & IBRD countries),TEA,Tax revenue (% of GDP),GC.TAX.TOTL.GD.ZS,,,,9.761572632,10.341549,10.88311772,10.88196163,10.81509152,10.61051865,10.37478749,10.12424878,9.869205745,
Europe & Central Asia (IDA & IBRD countries),TEC,Tax revenue (% of GDP),GC.TAX.TOTL.GD.ZS,15.48703717,14.6921258,14.48658018,17.23549021,17.4711757,17.23181575,16.19992189,15.80275175,15.45361222,15.39347662,14.44198885,13.78183437,14.15072073
Togo,TGO,Tax revenue (% of GDP),GC.TAX.TOTL.GD.ZS,,,13.14635208,13.88591562,15.36898502,14.2474836,15.97026891,15.87966385,16.86006417,18.39938624,18.95427306,19.05680326,17.45855792
Thailand,THA,Tax revenue (% of GDP),GC.TAX.TOTL.GD.ZS,13.07018898,14.4815711,14.8533544,15.63697224,15.14314655,15.38488165,16.36185216,15.44094067,17.01195985,15.80834265,16.12835781,15.40052396,14.81478406
Tajikistan,TJK,Tax revenue (% of GDP),GC.TAX.TOTL.GD.ZS,8.201926827,9.702188432,9.821023787,,,,,,,,,,
Turkmenistan,TKM,Tax revenue (% of GDP),GC.TAX.TOTL.GD.ZS,,,,,,,,,,,,,
Latin America & the Caribbean (IDA & IBRD countries),TLA,Tax revenue (% of GDP),GC.TAX.TOTL.GD.ZS,,14.45662046,,,,13.99710936,13.36611392,13.03699711,13.00240824,12.89106896,13.38768361,13.41389639,13.13676568
Timor-Leste,TLS,Tax revenue (% of GDP),GC.TAX.TOTL.GD.ZS,,,,,,,24.90232971,25.72098388,23.23831664,22.48883333,18.59725643,9.886530856,12.88953582
Middle East & North Africa (IDA & IBRD countries),TMN,Tax revenue (% of GDP),GC.TAX.TOTL.GD.ZS,,,,,,,,,,,,,
Tonga,TON,Tax revenue (% of GDP),GC.TAX.TOTL.GD.ZS,,,,,,,,,17.3695633,17.63213387,19.01872252,20.36919309,22.25817321
South Asia (IDA & IBRD),TSA,Tax revenue (% of GDP),GC.TAX.TOTL.GD.ZS,8.171567664,9.060158753,9.502912702,10.89497106,11.73791611,10.77116389,10.12699245,10.70517446,10.85627672,9.934984996,10.50871206,11.00743218,11.29086596
Sub-Saharan Africa (IDA & IBRD countries),TSS,Tax revenue (% of GDP),GC.TAX.TOTL.GD.ZS,,,,,,,,,,18.94860884,18.87540444,18.72272308,
Trinidad and Tobago,TTO,Tax revenue (% of GDP),GC.TAX.TOTL.GD.ZS,22.12128594,21.30154983,22.02505646,30.25758765,25.99529034,29.48840531,25.6437422,26.29598978,25.55905922,26.8507529,26.40165833,,
Tunisia,TUN,Tax revenue (% of GDP),GC.TAX.TOTL.GD.ZS,19.59743594,18.74521178,18.67214575,18.51010868,19.07081883,20.50181118,21.19310552,21.12788966,,,,,
Turkey,TUR,Tax revenue (% of GDP),GC.TAX.TOTL.GD.ZS,,,,,,17.69632423,18.74408606,18.39275841,18.53188787,18.0698217,18.23818729,18.32477429,17.8731079
Tuvalu,TUV,Tax revenue (% of GDP),GC.TAX.TOTL.GD.ZS,,,,,,,,,,,,,
Tanzania,TZA,Tax revenue (% of GDP),GC.TAX.TOTL.GD.ZS,,,,,,,9.793982,10.43300402,10.72192345,11.36379689,10.49249549,11.39033994,11.82656497
Uganda,UGA,Tax revenue (% of GDP),GC.TAX.TOTL.GD.ZS,,,,,,,,,,,12.92853065,13.45577038,13.7303273
Ukraine,UKR,Tax revenue (% of GDP),GC.TAX.TOTL.GD.ZS,12.07313068,13.66777031,13.28863237,17.76488074,16.50071456,17.88010191,18.5150528,18.31655714,17.56138078,17.29434784,20.45136542,19.63011981,20.03452549
Upper middle income,UMC,Tax revenue (% of GDP),GC.TAX.TOTL.GD.ZS,,,,12.38452022,12.82031843,12.92188446,12.85555623,12.65095455,12.46962698,12.21563366,11.9729675,11.68592543,
Uruguay,URY,Tax revenue (% of GDP),GC.TAX.TOTL.GD.ZS,15.30598158,17.2060059,17.84620462,18.98805557,18.41050909,18.24184127,19.1018313,18.82188561,19.04141239,18.56672287,18.5094794,23.70930472,19.74034508
United States,USA,Tax revenue (% of GDP),GC.TAX.TOTL.GD.ZS,11.858072,9.389746033,9.539265084,11.31121212,11.30719612,10.31615636,9.573699439,9.79687152,10.51960599,10.95153383,11.2046032,10.98294396,11.94741055
Uzbekistan,UZB,Tax revenue (% of GDP),GC.TAX.TOTL.GD.ZS,,,,,,,16.20787858,17.16468708,17.50574004,14.20610227,14.27812755,14.14901355,12.21662786
St. Vincent and the Grenadines,VCT,Tax revenue (% of GDP),GC.TAX.TOTL.GD.ZS,20.80516156,20.9498669,20.64118567,21.92823649,21.78499289,23.8571432,22.57613368,23.01422454,21.6012816,23.83515431,23.59226088,25.72777946,25.58227451
"Venezuela, RB",VEN,Tax revenue (% of GDP),GC.TAX.TOTL.GD.ZS,,,,,,,,,,,,,
British Virgin Islands,VGB,Tax revenue (% of GDP),GC.TAX.TOTL.GD.ZS,,,,,,,,,,,,,
Virgin Islands (U.S.),VIR,Tax revenue (% of GDP),GC.TAX.TOTL.GD.ZS,,,,,,,,,,,,,
Vietnam,VNM,Tax revenue (% of GDP),GC.TAX.TOTL.GD.ZS,,,,,,,,,,,,,
Vanuatu,VUT,Tax revenue (% of GDP),GC.TAX.TOTL.GD.ZS,,,,,,,15.98577738,16.62893558,17.24116592,17.37814446,16.74526205,16.64980502,17.74106443
World,WLD,Tax revenue (% of GDP),GC.TAX.TOTL.GD.ZS,15.21905693,14.12131211,14.25569588,14.78293649,14.92970572,14.35761244,13.76247215,13.89052056,14.1847916,14.28877134,14.31577323,14.22984342,15.20432835
Samoa,WSM,Tax revenue (% of GDP),GC.TAX.TOTL.GD.ZS,,,,,,,,19.82051972,22.49454632,23.43395465,23.10091868,24.64370849,24.69081492
Kosovo,XKX,Tax revenue (% of GDP),GC.TAX.TOTL.GD.ZS,,,,,,,,,,,,,
"Yemen, Rep.",YEM,Tax revenue (% of GDP),GC.TAX.TOTL.GD.ZS,,,,,,,,,,,,,
South Africa,ZAF,Tax revenue (% of GDP),GC.TAX.TOTL.GD.ZS,24.18558057,23.03754961,24.28209502,27.26987061,27.59603925,26.81321687,25.17982275,25.58813186,26.04390961,26.54119201,27.3427766,27.10558769,26.96606681
Zambia,ZMB,Tax revenue (% of GDP),GC.TAX.TOTL.GD.ZS,16.54070446,14.85951988,15.31705863,13.7115293,14.08251458,13.25930378,14.71557758,14.89218311,14.34715672,15.76108694,14.39395608,13.35318143,15.18487062
Zimbabwe,ZWE,Tax revenue (% of GDP),GC.TAX.TOTL.GD.ZS,,,,,,,17.9282542,17.83548922,,,18.0602201,15.75324773,15.79314989