countrycode,cty_or_agg,year,PRIM
AFG,cty,2013,93
ARE,cty,2011,39
ARE,cty,2016,34
ARG,cty,2006,56
ARG,cty,2013,54
ARM,cty,2003,44
ARM,cty,2007,26
ARM,cty,2011,45
ARM,cty,2015,35
AUS,cty,2011,9
AUS,cty,2016,9
AUT,cty,2006,2
AUT,cty,2011,3
AUT,cty,2016,2
AZE,cty,2011,29
AZE,cty,2016,23
BDI,cty,2014,93
BEL,cty,2006,7
BEL,cty,2011,8
BEL,cty,2016,6
BEN,cty,2014,78
BFA,cty,2014,85
BGD,cty,2015,57
BGD,cty,2017,58
BGR,cty,2001,8
BGR,cty,2006,8
BGR,cty,2011,7
BGR,cty,2016,12
BHR,cty,2016,32
BLZ,cty,2001,76
BRA,cty,2006,52
BRA,cty,2013,48
BWA,cty,2011,48
CAN,cty,2001,3
CAN,cty,2011,3
CAN,cty,2016,4
CHL,cty,2006,41
CHL,cty,2013,37
CHN,cty,2016,18
CIV,cty,2014,82
CMR,cty,2014,77
COD,cty,2011,86
COG,cty,2014,85
COL,cty,2006,54
COL,cty,2013,49
COM,cty,2008,86
CRI,cty,2006,29
CRI,cty,2013,32
CYP,cty,2003,15
CYP,cty,2015,16
CZE,cty,2001,3
CZE,cty,2011,2
CZE,cty,2016,3
DEU,cty,2001,3
DEU,cty,2006,3
DEU,cty,2011,3
DEU,cty,2016,6
DNK,cty,2006,7
DNK,cty,2011,4
DNK,cty,2016,4
DOM,cty,2006,91
DOM,cty,2013,81
DZA,cty,2007,68
EAP,agg,2015,21
EAS,agg,2015,20
ECA,agg,2015,14
ECS,agg,2015,9
ECU,cty,2006,78
ECU,cty,2013,63
EGY,cty,2016,70
ESP,cty,2006,7
ESP,cty,2011,6
ESP,cty,2016,5
ETH,cty,2015,90
FIN,cty,2011,2
FIN,cty,2016,3
FRA,cty,2001,8
FRA,cty,2006,5
FRA,cty,2011,6
FRA,cty,2016,7
GAB,cty,2006,37
GBR,cty,2006,7
GBR,cty,2011,5
GBR,cty,2016,3
GEO,cty,2006,28
GEO,cty,2011,17
GEO,cty,2016,14
GRC,cty,2001,11
GTM,cty,2006,81
GTM,cty,2013,67
HIC,agg,2015,9
HKG,cty,2001,10
HKG,cty,2006,2
HKG,cty,2011,1
HKG,cty,2016,3
HND,cty,2013,75
HRV,cty,2011,4
HUN,cty,2001,5
HUN,cty,2006,6
HUN,cty,2011,9
HUN,cty,2016,6
IBD,agg,2015,40
IDB,agg,2015,75
IDN,cty,2006,49
IDN,cty,2011,35
IDX,agg,2015,81
IND,cty,2017,55
IRL,cty,2011,6
IRL,cty,2016,2
IRN,cty,2001,52
IRN,cty,2006,41
IRN,cty,2011,24
IRN,cty,2016,36
ISL,cty,2001,9
ISL,cty,2006,9
ISR,cty,2001,15
ISR,cty,2006,17
ISR,cty,2011,10
ISR,cty,2016,12
ITA,cty,2001,4
ITA,cty,2006,3
ITA,cty,2011,3
ITA,cty,2016,3
JOR,cty,2015,52
JPN,cty,2003,4
JPN,cty,2007,4
JPN,cty,2011,3
JPN,cty,2015,2
KAZ,cty,2016,2
KGZ,cty,2014,64
KHM,cty,2013,51
KOR,cty,2011,2
KOR,cty,2015,3
KWT,cty,2001,54
KWT,cty,2006,74
KWT,cty,2016,51
LAC,agg,2015,51
LCN,agg,2015,51
LIC,agg,2015,90
LKA,cty,2015,15
LMC,agg,2015,55
LNX,agg,2015,8
LTU,cty,2001,4
LTU,cty,2006,2
LTU,cty,2011,4
LTU,cty,2016,3
LUX,cty,2006,3
LVA,cty,2001,6
LVA,cty,2006,3
LVA,cty,2016,4
MAC,cty,2016,4
MAR,cty,2001,73
MAR,cty,2006,77
MAR,cty,2011,80
MAR,cty,2016,66
MDA,cty,2001,17
MDA,cty,2006,11
MDG,cty,2015,97
MEA,agg,2015,59
MEX,cty,2006,48
MEX,cty,2013,43
MKD,cty,2001,37
MKD,cty,2006,40
MLI,cty,2012,91
MLT,cty,2011,23
MLT,cty,2016,29
MNA,agg,2015,63
MNG,cty,2007,39
MRT,cty,2004,95
MUS,cty,2006,40
MYS,cty,2017,13
NAC,agg,2015,8
NER,cty,2014,99
NIC,cty,2006,74
NIC,cty,2013,70
NLD,cty,2001,1
NLD,cty,2006,1
NLD,cty,2011,1
NLD,cty,2016,2
NOR,cty,2001,12
NOR,cty,2006,9
NOR,cty,2011,6
NOR,cty,2016,6
NZL,cty,2006,10
NZL,cty,2011,10
NZL,cty,2016,11
OMN,cty,2011,54
OMN,cty,2016,42
PAK,cty,2014,75
PAN,cty,2006,70
PAN,cty,2013,67
PER,cty,2006,68
PER,cty,2013,56
POL,cty,2006,13
POL,cty,2011,10
POL,cty,2016,6
PRT,cty,2011,3
PRT,cty,2016,6
PRY,cty,2006,76
PRY,cty,2013,74
QAT,cty,2006,69
QAT,cty,2011,41
QAT,cty,2016,35
ROU,cty,2001,19
ROU,cty,2006,20
ROU,cty,2011,20
RUS,cty,2001,11
RUS,cty,2006,9
RUS,cty,2011,4
RUS,cty,2016,3
SAS,agg,2015,58
SAU,cty,2011,37
SAU,cty,2016,38
SEN,cty,2014,74
SGP,cty,2001,10
SGP,cty,2006,3
SGP,cty,2011,3
SGP,cty,2016,3
SLV,cty,2007,55
SRB,cty,2011,12
SRB,cty,2015,8
SSA,agg,2015,87
SSF,agg,2015,87
SVK,cty,2001,6
SVK,cty,2006,6
SVK,cty,2011,4
SVK,cty,2016,9
SVN,cty,2006,7
SVN,cty,2011,6
SVN,cty,2016,6
SWE,cty,2001,2
SWE,cty,2006,7
SWE,cty,2011,3
SWE,cty,2016,2
TCD,cty,2014,98
TGO,cty,2014,86
THA,cty,2011,23
TTO,cty,2006,40
TTO,cty,2011,23
TTO,cty,2016,21
TUN,cty,2003,73
TUN,cty,2007,69
TUN,cty,2011,65
TUR,cty,2011,28
TUR,cty,2015,22
UGA,cty,2014,83
UKR,cty,2007,28
UMC,agg,2015,29
URY,cty,2006,41
URY,cty,2013,42
USA,cty,2001,9
USA,cty,2006,7
USA,cty,2011,9
USA,cty,2016,8
VNM,cty,2011,2
WBC,agg,2015,53
WLD,agg,2015,48
YEM,cty,2003,86
YEM,cty,2007,94
YEM,cty,2011,95
ZAF,cty,2016,80
