countrycode,cty_or_agg,year,PRIM_MA
ARE,cty,2011,46
ARE,cty,2016,40
ARG,cty,2006,58
ARG,cty,2013,59
ARM,cty,2003,46
ARM,cty,2007,29
ARM,cty,2011,46
ARM,cty,2015,38
AUS,cty,2011,11
AUS,cty,2016,11
AUT,cty,2006,3
AUT,cty,2011,3
AUT,cty,2016,3
AZE,cty,2011,29
AZE,cty,2016,25
BDI,cty,2014,94
BEL,cty,2006,8
BEL,cty,2011,9
BEL,cty,2016,8
BFA,cty,2014,84
BGR,cty,2001,9
BGR,cty,2006,10
BGR,cty,2011,9
BGR,cty,2016,12
BHR,cty,2016,42
BLZ,cty,2001,80
BRA,cty,2006,56
BRA,cty,2013,50
BWA,cty,2011,55
CAN,cty,2001,4
CAN,cty,2011,3
CAN,cty,2016,5
CHL,cty,2006,42
CHL,cty,2013,39
CMR,cty,2014,79
COG,cty,2014,86
COL,cty,2006,53
COL,cty,2013,50
CRI,cty,2006,30
CRI,cty,2013,34
CYP,cty,2003,15
CYP,cty,2015,17
CZE,cty,2001,3
CZE,cty,2011,2
CZE,cty,2016,4
DEU,cty,2001,3
DEU,cty,2006,3
DEU,cty,2011,3
DEU,cty,2016,7
DNK,cty,2006,8
DNK,cty,2011,4
DNK,cty,2016,4
DOM,cty,2006,93
DOM,cty,2013,82
DZA,cty,2007,69
EAP,agg,2015,39
EAS,agg,2015,30
ECA,agg,2015,13
ECS,agg,2015,9
ECU,cty,2006,79
ECU,cty,2013,63
EGY,cty,2016,74
ESP,cty,2006,7
ESP,cty,2011,8
ESP,cty,2016,6
FIN,cty,2011,2
FIN,cty,2016,3
FRA,cty,2001,10
FRA,cty,2006,6
FRA,cty,2011,6
FRA,cty,2016,8
GBR,cty,2006,8
GBR,cty,2011,5
GBR,cty,2016,4
GEO,cty,2006,31
GEO,cty,2011,20
GEO,cty,2016,17
GRC,cty,2001,13
GTM,cty,2006,80
GTM,cty,2013,67
HIC,agg,2015,8
HKG,cty,2001,12
HKG,cty,2006,2
HKG,cty,2011,1
HKG,cty,2016,3
HND,cty,2013,76
HRV,cty,2011,6
HUN,cty,2001,7
HUN,cty,2006,6
HUN,cty,2011,10
HUN,cty,2016,7
IBD,agg,2015,46
IDB,agg,2015,80
IDN,cty,2006,53
IDN,cty,2011,41
IDX,agg,2015,89
IRL,cty,2011,6
IRL,cty,2016,3
IRN,cty,2001,58
IRN,cty,2006,43
IRN,cty,2011,28
IRN,cty,2016,44
ISL,cty,2001,11
ISL,cty,2006,11
ISR,cty,2001,18
ISR,cty,2006,19
ISR,cty,2011,11
ISR,cty,2016,14
ITA,cty,2001,4
ITA,cty,2006,2
ITA,cty,2011,3
ITA,cty,2016,4
JOR,cty,2015,55
JPN,cty,2003,4
JPN,cty,2007,5
JPN,cty,2011,3
JPN,cty,2015,3
KAZ,cty,2016,3
KOR,cty,2011,2
KOR,cty,2015,3
KWT,cty,2001,65
KWT,cty,2006,83
KWT,cty,2016,58
LAC,agg,2015,53
LCN,agg,2015,53
LIC,agg,2015,93
LMC,agg,2015,56
LNX,agg,2015,7
LTU,cty,2001,5
LTU,cty,2006,3
LTU,cty,2011,5
LTU,cty,2016,4
LUX,cty,2006,4
LVA,cty,2001,6
LVA,cty,2006,4
LVA,cty,2016,5
MAC,cty,2016,4
MAR,cty,2001,74
MAR,cty,2006,79
MAR,cty,2011,83
MAR,cty,2016,70
MEA,agg,2015,66
MEX,cty,2006,51
MEX,cty,2013,46
MKD,cty,2001,39
MKD,cty,2006,43
MLT,cty,2011,27
MNA,agg,2015,68
MNG,cty,2007,41
NAC,agg,2015,8
NER,cty,2014,99
NIC,cty,2006,75
NIC,cty,2013,74
NLD,cty,2001,1
NLD,cty,2006,1
NLD,cty,2011,1
NLD,cty,2016,2
NOR,cty,2001,15
NOR,cty,2006,12
NOR,cty,2011,7
NOR,cty,2016,8
NZL,cty,2006,13
NZL,cty,2011,12
NZL,cty,2016,14
OMN,cty,2011,63
OMN,cty,2016,51
PAN,cty,2006,73
PAN,cty,2013,70
PER,cty,2006,67
PER,cty,2013,57
POL,cty,2006,15
POL,cty,2011,12
POL,cty,2016,7
PRT,cty,2011,4
PRT,cty,2016,6
PRY,cty,2006,77
PRY,cty,2013,76
QAT,cty,2006,77
QAT,cty,2011,47
QAT,cty,2016,42
ROU,cty,2001,21
ROU,cty,2006,22
ROU,cty,2011,22
RUS,cty,2001,12
RUS,cty,2006,10
RUS,cty,2011,5
RUS,cty,2016,4
SAU,cty,2011,51
SEN,cty,2014,75
SGP,cty,2001,12
SGP,cty,2006,5
SGP,cty,2011,4
SGP,cty,2016,4
SLV,cty,2007,52
SRB,cty,2011,12
SRB,cty,2015,10
SSA,agg,2015,86
SSF,agg,2015,86
SVK,cty,2001,7
SVK,cty,2006,6
SVK,cty,2011,5
SVK,cty,2016,9
SVN,cty,2006,9
SVN,cty,2011,8
SVN,cty,2016,7
SWE,cty,2001,2
SWE,cty,2006,7
SWE,cty,2011,3
SWE,cty,2016,3
TCD,cty,2014,97
TGO,cty,2014,86
THA,cty,2011,26
TTO,cty,2006,45
TTO,cty,2011,28
TTO,cty,2016,25
TUN,cty,2003,74
TUN,cty,2007,72
TUN,cty,2011,69
TUR,cty,2011,28
TUR,cty,2015,22
UKR,cty,2007,29
UMC,agg,2015,44
URY,cty,2006,45
URY,cty,2013,46
USA,cty,2011,10
USA,cty,2016,8
WBC,agg,2015,55
WLD,agg,2015,43
YEM,cty,2003,84
YEM,cty,2007,94
YEM,cty,2011,95
ZAF,cty,2016,85
