countrycode,cty_or_agg,year,PRIM_OOS
AFG,cty,2013,50
ARE,cty,2011,5
ARE,cty,2016,3
ARG,cty,2006,1
ARG,cty,2013,1
ARM,cty,2003,14
ARM,cty,2007,3
ARM,cty,2011,5
ARM,cty,2015,7
AUS,cty,2011,2
AUS,cty,2016,3
AUT,cty,2006,0
AUT,cty,2011,0
AUT,cty,2016,0
AZE,cty,2011,13
AZE,cty,2016,5
BDI,cty,2014,3
BEL,cty,2006,4
BEL,cty,2011,2
BEL,cty,2016,1
BEN,cty,2014,4
BFA,cty,2014,32
BGD,cty,2015,5
BGD,cty,2017,5
BGR,cty,2001,3
BGR,cty,2006,3
BGR,cty,2011,0
BGR,cty,2016,7
BHR,cty,2016,2
BLZ,cty,2001,6
BRA,cty,2006,4
BRA,cty,2013,3
BWA,cty,2011,7
CAN,cty,2001,0
CAN,cty,2011,1
CAN,cty,2016,0
CHL,cty,2006,5
CHL,cty,2013,9
CHN,cty,2016,0
CIV,cty,2014,21
CMR,cty,2014,5
COD,cty,2011,63
COG,cty,2014,13
COL,cty,2006,4
COL,cty,2013,7
COM,cty,2008,21
CRI,cty,2006,1
CRI,cty,2013,1
CYP,cty,2003,1
CYP,cty,2015,2
CZE,cty,2001,0
CZE,cty,2011,0
CZE,cty,2016,0
DEU,cty,2001,0
DEU,cty,2006,0
DEU,cty,2011,0
DEU,cty,2016,0
DNK,cty,2006,3
DNK,cty,2011,2
DNK,cty,2016,1
DOM,cty,2006,16
DOM,cty,2013,7
DZA,cty,2007,4
EAP,agg,2015,1
EAS,agg,2015,1
ECA,agg,2015,4
ECS,agg,2015,2
ECU,cty,2006,1
ECU,cty,2013,2
EGY,cty,2016,1
ESP,cty,2006,0
ESP,cty,2011,0
ESP,cty,2016,1
ETH,cty,2015,14
FIN,cty,2011,1
FIN,cty,2016,1
FRA,cty,2001,4
FRA,cty,2006,1
FRA,cty,2011,1
FRA,cty,2016,1
GAB,cty,2006,9
GBR,cty,2006,0
GBR,cty,2011,2
GBR,cty,2016,0
GEO,cty,2006,12
GEO,cty,2011,4
GEO,cty,2016,0
GRC,cty,2001,5
GTM,cty,2006,6
GTM,cty,2013,10
HIC,agg,2015,2
HKG,cty,2001,7
HKG,cty,2006,1
HKG,cty,2011,1
HKG,cty,2016,2
HND,cty,2013,17
HRV,cty,2011,3
HUN,cty,2001,3
HUN,cty,2006,3
HUN,cty,2011,3
HUN,cty,2016,3
IBD,agg,2015,2
IDB,agg,2015,24
IDN,cty,2006,6
IDN,cty,2011,2
IDX,agg,2015,23
IND,cty,2017,2
IRL,cty,2011,2
IRL,cty,2016,0
IRN,cty,2001,15
IRN,cty,2006,1
IRN,cty,2011,0
IRN,cty,2016,1
ISL,cty,2001,1
ISL,cty,2006,3
ISR,cty,2001,2
ISR,cty,2006,3
ISR,cty,2011,3
ISR,cty,2016,3
ITA,cty,2001,0
ITA,cty,2006,1
ITA,cty,2011,1
ITA,cty,2016,1
JOR,cty,2015,4
JPN,cty,2003,0
JPN,cty,2007,1
JPN,cty,2011,1
JPN,cty,2015,1
KAZ,cty,2016,0
KGZ,cty,2014,2
KHM,cty,2013,3
KOR,cty,2011,1
KOR,cty,2015,3
KWT,cty,2001,9
KWT,cty,2006,8
KWT,cty,2016,3
LAC,agg,2015,3
LCN,agg,2015,4
LIC,agg,2015,29
LKA,cty,2015,1
LMC,agg,2015,6
LNX,agg,2015,2
LTU,cty,2001,2
LTU,cty,2006,1
LTU,cty,2011,1
LTU,cty,2016,0
LUX,cty,2006,2
LVA,cty,2001,4
LVA,cty,2006,1
LVA,cty,2016,3
MAC,cty,2016,1
MAR,cty,2001,20
MAR,cty,2006,12
MAR,cty,2011,7
MAR,cty,2016,5
MDA,cty,2001,7
MDA,cty,2006,2
MDG,cty,2015,22
MEA,agg,2015,4
MEX,cty,2006,3
MEX,cty,2013,1
MKD,cty,2001,5
MKD,cty,2006,8
MLI,cty,2012,33
MLT,cty,2011,2
MLT,cty,2016,2
MNA,agg,2015,4
MNG,cty,2007,2
MRT,cty,2004,28
MUS,cty,2006,4
MYS,cty,2017,1
NAC,agg,2015,4
NER,cty,2014,39
NIC,cty,2006,2
NIC,cty,2013,2
NLD,cty,2001,0
NLD,cty,2006,0
NLD,cty,2011,0
NLD,cty,2016,0
NOR,cty,2001,0
NOR,cty,2006,1
NOR,cty,2011,1
NOR,cty,2016,0
NZL,cty,2006,2
NZL,cty,2011,2
NZL,cty,2016,1
OMN,cty,2011,4
OMN,cty,2016,1
PAK,cty,2014,27
PAN,cty,2006,1
PAN,cty,2013,7
PER,cty,2006,1
PER,cty,2013,4
POL,cty,2006,7
POL,cty,2011,5
POL,cty,2016,4
PRT,cty,2011,1
PRT,cty,2016,4
PRY,cty,2006,6
PRY,cty,2013,11
QAT,cty,2006,7
QAT,cty,2011,1
QAT,cty,2016,2
ROU,cty,2001,8
ROU,cty,2006,5
ROU,cty,2011,7
RUS,cty,2001,7
RUS,cty,2006,7
RUS,cty,2011,3
RUS,cty,2016,2
SAS,agg,2015,7
SAU,cty,2011,3
SAU,cty,2016,3
SEN,cty,2014,26
SGP,cty,2001,0
SGP,cty,2006,0
SGP,cty,2011,0
SGP,cty,2016,0
SLV,cty,2007,4
SRB,cty,2011,3
SRB,cty,2015,1
SSA,agg,2015,24
SSF,agg,2015,24
SVK,cty,2001,0
SVK,cty,2006,0
SVK,cty,2011,0
SVK,cty,2016,2
SVN,cty,2006,2
SVN,cty,2011,2
SVN,cty,2016,2
SWE,cty,2001,0
SWE,cty,2006,5
SWE,cty,2011,1
SWE,cty,2016,0
TCD,cty,2014,21
TGO,cty,2014,9
THA,cty,2011,2
TTO,cty,2006,6
TTO,cty,2011,1
TTO,cty,2016,1
TUN,cty,2003,0
TUN,cty,2007,2
TUN,cty,2011,0
TUR,cty,2011,5
TUR,cty,2015,5
UGA,cty,2014,9
UKR,cty,2007,12
UMC,agg,2015,2
URY,cty,2006,0
URY,cty,2013,1
USA,cty,2001,4
USA,cty,2006,3
USA,cty,2011,7
USA,cty,2016,4
VNM,cty,2011,1
WBC,agg,2015,9
WLD,agg,2015,8
YEM,cty,2003,29
YEM,cty,2007,24
YEM,cty,2011,19
ZAF,cty,2016,8
