countrycode,cty_or_agg,year,PRIM_OOS_MA
ARE,cty,2011,6
ARE,cty,2016,2
ARG,cty,2006,0
ARG,cty,2013,0
ARM,cty,2003,15
ARM,cty,2007,4
ARM,cty,2011,5
ARM,cty,2015,8
AUS,cty,2011,3
AUS,cty,2016,4
AUT,cty,2006,0
AUT,cty,2011,0
AUT,cty,2016,0
AZE,cty,2011,12
AZE,cty,2016,4
BDI,cty,2014,4
BEL,cty,2006,4
BEL,cty,2011,3
BEL,cty,2016,1
BFA,cty,2014,30
BGR,cty,2001,2
BGR,cty,2006,3
BGR,cty,2011,1
BGR,cty,2016,7
BHR,cty,2016,3
BLZ,cty,2001,6
BRA,cty,2006,5
BRA,cty,2013,3
BWA,cty,2011,8
CAN,cty,2001,0
CAN,cty,2011,1
CAN,cty,2016,0
CHL,cty,2006,4
CHL,cty,2013,9
CMR,cty,2014,0
COG,cty,2014,16
COL,cty,2006,4
COL,cty,2013,7
CRI,cty,2006,1
CRI,cty,2013,1
CYP,cty,2003,2
CYP,cty,2015,2
CZE,cty,2001,0
CZE,cty,2011,0
CZE,cty,2016,0
DEU,cty,2001,0
DEU,cty,2006,0
DEU,cty,2011,0
DEU,cty,2016,0
DNK,cty,2006,4
DNK,cty,2011,3
DNK,cty,2016,1
DOM,cty,2006,17
DOM,cty,2013,6
DZA,cty,2007,3
EAP,agg,2015,1
EAS,agg,2015,1
ECA,agg,2015,4
ECS,agg,2015,2
ECU,cty,2006,1
ECU,cty,2013,3
EGY,cty,2016,2
ESP,cty,2006,0
ESP,cty,2011,0
ESP,cty,2016,2
FIN,cty,2011,1
FIN,cty,2016,1
FRA,cty,2001,4
FRA,cty,2006,1
FRA,cty,2011,1
FRA,cty,2016,1
GBR,cty,2006,1
GBR,cty,2011,2
GBR,cty,2016,0
GEO,cty,2006,13
GEO,cty,2011,4
GEO,cty,2016,0
GRC,cty,2001,5
GTM,cty,2006,5
GTM,cty,2013,10
HIC,agg,2015,2
HKG,cty,2001,8
HKG,cty,2006,0
HKG,cty,2011,0
HKG,cty,2016,1
HND,cty,2013,18
HRV,cty,2011,4
HUN,cty,2001,3
HUN,cty,2006,3
HUN,cty,2011,4
HUN,cty,2016,3
IBD,agg,2015,2
IDB,agg,2015,19
IDN,cty,2006,4
IDN,cty,2011,5
IDX,agg,2015,20
IRL,cty,2011,2
IRL,cty,2016,0
IRN,cty,2001,14
IRN,cty,2006,1
IRN,cty,2011,0
IRN,cty,2016,1
ISL,cty,2001,1
ISL,cty,2006,2
ISR,cty,2001,2
ISR,cty,2006,3
ISR,cty,2011,3
ISR,cty,2016,3
ITA,cty,2001,0
ITA,cty,2006,0
ITA,cty,2011,1
ITA,cty,2016,1
JOR,cty,2015,5
JPN,cty,2003,0
JPN,cty,2007,2
JPN,cty,2011,2
JPN,cty,2015,1
KAZ,cty,2016,0
KOR,cty,2011,1
KOR,cty,2015,3
KWT,cty,2001,14
KWT,cty,2006,10
KWT,cty,2016,5
LAC,agg,2015,4
LCN,agg,2015,4
LIC,agg,2015,25
LMC,agg,2015,6
LNX,agg,2015,2
LTU,cty,2001,2
LTU,cty,2006,1
LTU,cty,2011,1
LTU,cty,2016,0
LUX,cty,2006,2
LVA,cty,2001,4
LVA,cty,2006,2
LVA,cty,2016,4
MAC,cty,2016,2
MAR,cty,2001,17
MAR,cty,2006,10
MAR,cty,2011,6
MAR,cty,2016,5
MEA,agg,2015,4
MEX,cty,2006,3
MEX,cty,2013,2
MKD,cty,2001,5
MKD,cty,2006,7
MLT,cty,2011,3
MNA,agg,2015,4
MNG,cty,2007,2
NAC,agg,2015,4
NER,cty,2014,34
NIC,cty,2006,3
NIC,cty,2013,3
NLD,cty,2001,0
NLD,cty,2006,0
NLD,cty,2011,0
NLD,cty,2016,0
NOR,cty,2001,0
NOR,cty,2006,2
NOR,cty,2011,1
NOR,cty,2016,0
NZL,cty,2006,3
NZL,cty,2011,3
NZL,cty,2016,2
OMN,cty,2011,4
OMN,cty,2016,2
PAN,cty,2006,1
PAN,cty,2013,7
PER,cty,2006,2
PER,cty,2013,4
POL,cty,2006,7
POL,cty,2011,5
POL,cty,2016,4
PRT,cty,2011,1
PRT,cty,2016,3
PRY,cty,2006,7
PRY,cty,2013,11
QAT,cty,2006,10
QAT,cty,2011,1
QAT,cty,2016,2
ROU,cty,2001,8
ROU,cty,2006,5
ROU,cty,2011,7
RUS,cty,2001,8
RUS,cty,2006,8
RUS,cty,2011,3
RUS,cty,2016,3
SAU,cty,2011,3
SEN,cty,2014,29
SGP,cty,2001,0
SGP,cty,2006,0
SGP,cty,2011,0
SGP,cty,2016,0
SLV,cty,2007,5
SRB,cty,2011,3
SRB,cty,2015,1
SSA,agg,2015,23
SSF,agg,2015,23
SVK,cty,2001,0
SVK,cty,2006,0
SVK,cty,2011,0
SVK,cty,2016,2
SVN,cty,2006,2
SVN,cty,2011,2
SVN,cty,2016,3
SWE,cty,2001,0
SWE,cty,2006,5
SWE,cty,2011,0
SWE,cty,2016,0
TCD,cty,2014,11
TGO,cty,2014,5
THA,cty,2011,2
TTO,cty,2006,6
TTO,cty,2011,1
TTO,cty,2016,1
TUN,cty,2003,0
TUN,cty,2007,2
TUN,cty,2011,0
TUR,cty,2011,4
TUR,cty,2015,5
UKR,cty,2007,12
UMC,agg,2015,2
URY,cty,2006,0
URY,cty,2013,0
USA,cty,2011,7
USA,cty,2016,4
WBC,agg,2015,8
WLD,agg,2015,7
YEM,cty,2003,17
YEM,cty,2007,17
YEM,cty,2011,11
ZAF,cty,2016,9
