countrycode,cty_or_agg,year,PRIM_FE
ARE,cty,2011,33
ARE,cty,2016,29
ARG,cty,2006,53
ARG,cty,2013,50
ARM,cty,2003,42
ARM,cty,2007,22
ARM,cty,2011,44
ARM,cty,2015,32
AUS,cty,2011,7
AUS,cty,2016,6
AUT,cty,2006,2
AUT,cty,2011,3
AUT,cty,2016,2
AZE,cty,2011,28
AZE,cty,2016,21
BDI,cty,2014,91
BEL,cty,2006,7
BEL,cty,2011,8
BEL,cty,2016,5
BFA,cty,2014,86
BGR,cty,2001,7
BGR,cty,2006,7
BGR,cty,2011,6
BGR,cty,2016,11
BHR,cty,2016,22
BLZ,cty,2001,73
BRA,cty,2006,48
BRA,cty,2013,47
BWA,cty,2011,42
CAN,cty,2001,2
CAN,cty,2011,2
CAN,cty,2016,4
CHL,cty,2006,40
CHL,cty,2013,34
CMR,cty,2014,76
COG,cty,2014,84
COL,cty,2006,54
COL,cty,2013,47
CRI,cty,2006,30
CRI,cty,2013,31
CYP,cty,2003,16
CYP,cty,2015,15
CZE,cty,2001,2
CZE,cty,2011,1
CZE,cty,2016,2
DEU,cty,2001,3
DEU,cty,2006,2
DEU,cty,2011,2
DEU,cty,2016,5
DNK,cty,2006,5
DNK,cty,2011,3
DNK,cty,2016,3
DOM,cty,2006,90
DOM,cty,2013,80
DZA,cty,2007,66
EAP,agg,2015,28
EAS,agg,2015,21
ECA,agg,2015,12
ECS,agg,2015,7
ECU,cty,2006,77
ECU,cty,2013,62
EGY,cty,2016,65
ESP,cty,2006,7
ESP,cty,2011,5
ESP,cty,2016,4
FIN,cty,2011,2
FIN,cty,2016,2
FRA,cty,2001,7
FRA,cty,2006,4
FRA,cty,2011,5
FRA,cty,2016,6
GBR,cty,2006,6
GBR,cty,2011,4
GBR,cty,2016,3
GEO,cty,2006,24
GEO,cty,2011,13
GEO,cty,2016,11
GRC,cty,2001,8
GTM,cty,2006,81
GTM,cty,2013,68
HIC,agg,2015,7
HKG,cty,2001,9
HKG,cty,2006,2
HKG,cty,2011,1
HKG,cty,2016,3
HND,cty,2013,73
HRV,cty,2011,2
HUN,cty,2001,4
HUN,cty,2006,5
HUN,cty,2011,7
HUN,cty,2016,5
IBD,agg,2015,39
IDB,agg,2015,77
IDN,cty,2006,45
IDN,cty,2011,29
IDX,agg,2015,89
IRL,cty,2011,5
IRL,cty,2016,2
IRN,cty,2001,48
IRN,cty,2006,38
IRN,cty,2011,20
IRN,cty,2016,26
ISL,cty,2001,6
ISL,cty,2006,7
ISR,cty,2001,12
ISR,cty,2006,15
ISR,cty,2011,8
ISR,cty,2016,9
ITA,cty,2001,4
ITA,cty,2006,3
ITA,cty,2011,3
ITA,cty,2016,3
JOR,cty,2015,48
JPN,cty,2003,3
JPN,cty,2007,3
JPN,cty,2011,2
JPN,cty,2015,2
KAZ,cty,2016,2
KOR,cty,2011,1
KOR,cty,2015,3
KWT,cty,2001,41
KWT,cty,2006,65
KWT,cty,2016,44
LAC,agg,2015,49
LCN,agg,2015,49
LIC,agg,2015,93
LMC,agg,2015,47
LNX,agg,2015,6
LTU,cty,2001,3
LTU,cty,2006,2
LTU,cty,2011,3
LTU,cty,2016,2
LUX,cty,2006,2
LVA,cty,2001,6
LVA,cty,2006,2
LVA,cty,2016,3
MAC,cty,2016,3
MAR,cty,2001,72
MAR,cty,2006,76
MAR,cty,2011,77
MAR,cty,2016,61
MEA,agg,2015,56
MEX,cty,2006,44
MEX,cty,2013,40
MKD,cty,2001,34
MKD,cty,2006,37
MLT,cty,2011,19
MNA,agg,2015,58
MNG,cty,2007,38
NAC,agg,2015,7
NER,cty,2014,99
NIC,cty,2006,74
NIC,cty,2013,65
NLD,cty,2001,1
NLD,cty,2006,1
NLD,cty,2011,1
NLD,cty,2016,1
NOR,cty,2001,9
NOR,cty,2006,7
NOR,cty,2011,4
NOR,cty,2016,4
NZL,cty,2006,7
NZL,cty,2011,8
NZL,cty,2016,9
OMN,cty,2011,46
OMN,cty,2016,33
PAN,cty,2006,67
PAN,cty,2013,64
PER,cty,2006,69
PER,cty,2013,54
POL,cty,2006,12
POL,cty,2011,9
POL,cty,2016,6
PRT,cty,2011,2
PRT,cty,2016,6
PRY,cty,2006,74
PRY,cty,2013,72
QAT,cty,2006,62
QAT,cty,2011,35
QAT,cty,2016,29
ROU,cty,2001,17
ROU,cty,2006,18
ROU,cty,2011,18
RUS,cty,2001,9
RUS,cty,2006,8
RUS,cty,2011,3
RUS,cty,2016,2
SAU,cty,2011,25
SEN,cty,2014,74
SGP,cty,2001,7
SGP,cty,2006,2
SGP,cty,2011,2
SGP,cty,2016,2
SLV,cty,2007,58
SRB,cty,2011,11
SRB,cty,2015,6
SSA,agg,2015,83
SSF,agg,2015,83
SVK,cty,2001,5
SVK,cty,2006,5
SVK,cty,2011,4
SVK,cty,2016,8
SVN,cty,2006,6
SVN,cty,2011,5
SVN,cty,2016,4
SWE,cty,2001,1
SWE,cty,2006,6
SWE,cty,2011,3
SWE,cty,2016,2
TCD,cty,2014,98
TGO,cty,2014,85
THA,cty,2011,21
TTO,cty,2006,34
TTO,cty,2011,18
TTO,cty,2016,17
TUN,cty,2003,73
TUN,cty,2007,65
TUN,cty,2011,61
TUR,cty,2011,27
TUR,cty,2015,21
UKR,cty,2007,26
UMC,agg,2015,38
URY,cty,2006,37
URY,cty,2013,37
USA,cty,2011,8
USA,cty,2016,7
WBC,agg,2015,49
WLD,agg,2015,38
YEM,cty,2003,89
YEM,cty,2007,94
YEM,cty,2011,95
ZAF,cty,2016,74
