countrycode,cty_or_agg,year,PRIM_BMP
AFG,cty,2013,87
ARE,cty,2011,36
ARE,cty,2016,32
ARG,cty,2006,55
ARG,cty,2013,54
ARM,cty,2003,34
ARM,cty,2007,23
ARM,cty,2011,42
ARM,cty,2015,30
AUS,cty,2011,7
AUS,cty,2016,6
AUT,cty,2006,2
AUT,cty,2011,3
AUT,cty,2016,2
AZE,cty,2011,18
AZE,cty,2016,19
BDI,cty,2014,93
BEL,cty,2006,4
BEL,cty,2011,6
BEL,cty,2016,5
BEN,cty,2014,77
BFA,cty,2014,79
BGD,cty,2015,55
BGD,cty,2017,56
BGR,cty,2001,5
BGR,cty,2006,5
BGR,cty,2011,7
BGR,cty,2016,5
BHR,cty,2016,31
BLZ,cty,2001,75
BRA,cty,2006,50
BRA,cty,2013,47
BWA,cty,2011,44
CAN,cty,2001,3
CAN,cty,2011,2
CAN,cty,2016,4
CHL,cty,2006,38
CHL,cty,2013,30
CHN,cty,2016,18
CIV,cty,2014,78
CMR,cty,2014,76
COD,cty,2011,62
COG,cty,2014,83
COL,cty,2006,52
COL,cty,2013,45
COM,cty,2008,82
CRI,cty,2006,29
CRI,cty,2013,32
CYP,cty,2003,14
CYP,cty,2015,14
CZE,cty,2001,3
CZE,cty,2011,2
CZE,cty,2016,3
DEU,cty,2001,3
DEU,cty,2006,3
DEU,cty,2011,2
DEU,cty,2016,5
DNK,cty,2006,3
DNK,cty,2011,1
DNK,cty,2016,3
DOM,cty,2006,89
DOM,cty,2013,79
DZA,cty,2007,67
EAP,agg,2015,21
EAS,agg,2015,19
ECA,agg,2015,11
ECS,agg,2015,7
ECU,cty,2006,78
ECU,cty,2013,62
EGY,cty,2016,69
ESP,cty,2006,6
ESP,cty,2011,6
ESP,cty,2016,3
ETH,cty,2015,89
FIN,cty,2011,1
FIN,cty,2016,2
FRA,cty,2001,5
FRA,cty,2006,4
FRA,cty,2011,5
FRA,cty,2016,6
GAB,cty,2006,31
GBR,cty,2006,7
GBR,cty,2011,3
GBR,cty,2016,3
GEO,cty,2006,18
GEO,cty,2011,14
GEO,cty,2016,14
GRC,cty,2001,5
GTM,cty,2006,79
GTM,cty,2013,64
HIC,agg,2015,6
HKG,cty,2001,3
HKG,cty,2006,1
HKG,cty,2011,1
HKG,cty,2016,1
HND,cty,2013,69
HRV,cty,2011,1
HUN,cty,2001,2
HUN,cty,2006,3
HUN,cty,2011,5
HUN,cty,2016,3
IBD,agg,2015,39
IDB,agg,2015,67
IDN,cty,2006,46
IDN,cty,2011,34
IDX,agg,2015,76
IND,cty,2017,54
IRL,cty,2011,3
IRL,cty,2016,2
IRN,cty,2001,44
IRN,cty,2006,40
IRN,cty,2011,24
IRN,cty,2016,35
ISL,cty,2001,8
ISL,cty,2006,7
ISR,cty,2001,13
ISR,cty,2006,15
ISR,cty,2011,7
ISR,cty,2016,9
ITA,cty,2001,3
ITA,cty,2006,2
ITA,cty,2011,2
ITA,cty,2016,2
JOR,cty,2015,50
JPN,cty,2003,4
JPN,cty,2007,3
JPN,cty,2011,1
JPN,cty,2015,1
KAZ,cty,2016,2
KGZ,cty,2014,64
KHM,cty,2013,50
KOR,cty,2011,1
KOR,cty,2015,0
KWT,cty,2001,49
KWT,cty,2006,72
KWT,cty,2016,49
LAC,agg,2015,50
LCN,agg,2015,49
LIC,agg,2015,83
LKA,cty,2015,14
LMC,agg,2015,53
LNX,agg,2015,6
LTU,cty,2001,2
LTU,cty,2006,1
LTU,cty,2011,3
LTU,cty,2016,3
LUX,cty,2006,1
LVA,cty,2001,1
LVA,cty,2006,2
LVA,cty,2016,1
MAC,cty,2016,2
MAR,cty,2001,67
MAR,cty,2006,74
MAR,cty,2011,79
MAR,cty,2016,64
MDA,cty,2001,12
MDA,cty,2006,9
MDG,cty,2015,96
MEA,agg,2015,58
MEX,cty,2006,46
MEX,cty,2013,42
MKD,cty,2001,33
MKD,cty,2006,34
MLI,cty,2012,87
MLT,cty,2011,22
MLT,cty,2016,27
MNA,agg,2015,62
MNG,cty,2007,38
MRT,cty,2004,93
MUS,cty,2006,38
MYS,cty,2017,12
NAC,agg,2015,4
NER,cty,2014,98
NIC,cty,2006,74
NIC,cty,2013,69
NLD,cty,2001,1
NLD,cty,2006,1
NLD,cty,2011,0
NLD,cty,2016,1
NOR,cty,2001,12
NOR,cty,2006,8
NOR,cty,2011,5
NOR,cty,2016,6
NZL,cty,2006,8
NZL,cty,2011,8
NZL,cty,2016,10
OMN,cty,2011,53
OMN,cty,2016,41
PAK,cty,2014,65
PAN,cty,2006,70
PAN,cty,2013,64
PER,cty,2006,68
PER,cty,2013,54
POL,cty,2006,7
POL,cty,2011,5
POL,cty,2016,2
PRT,cty,2011,2
PRT,cty,2016,3
PRY,cty,2006,74
PRY,cty,2013,71
QAT,cty,2006,67
QAT,cty,2011,40
QAT,cty,2016,34
ROU,cty,2001,12
ROU,cty,2006,16
ROU,cty,2011,14
RUS,cty,2001,4
RUS,cty,2006,2
RUS,cty,2011,1
RUS,cty,2016,1
SAS,agg,2015,56
SAU,cty,2011,35
SAU,cty,2016,37
SEN,cty,2014,65
SGP,cty,2001,10
SGP,cty,2006,3
SGP,cty,2011,3
SGP,cty,2016,3
SLV,cty,2007,53
SRB,cty,2011,9
SRB,cty,2015,7
SSA,agg,2015,81
SSF,agg,2015,81
SVK,cty,2001,6
SVK,cty,2006,6
SVK,cty,2011,4
SVK,cty,2016,7
SVN,cty,2006,6
SVN,cty,2011,5
SVN,cty,2016,4
SWE,cty,2001,2
SWE,cty,2006,2
SWE,cty,2011,2
SWE,cty,2016,2
TCD,cty,2014,97
TGO,cty,2014,84
THA,cty,2011,22
TTO,cty,2006,36
TTO,cty,2011,22
TTO,cty,2016,20
TUN,cty,2003,73
TUN,cty,2007,68
TUN,cty,2011,65
TUR,cty,2011,24
TUR,cty,2015,18
UGA,cty,2014,81
UKR,cty,2007,18
UMC,agg,2015,28
URY,cty,2006,41
URY,cty,2013,41
USA,cty,2001,6
USA,cty,2006,4
USA,cty,2011,2
USA,cty,2016,4
VNM,cty,2011,1
WBC,agg,2015,50
WLD,agg,2015,45
YEM,cty,2003,80
YEM,cty,2007,92
YEM,cty,2011,94
ZAF,cty,2016,78
