countrycode,cty_or_agg,year,PRIM_OOS_FE
ARE,cty,2011,5
ARE,cty,2016,4
ARG,cty,2006,1
ARG,cty,2013,1
ARM,cty,2003,14
ARM,cty,2007,2
ARM,cty,2011,4
ARM,cty,2015,7
AUS,cty,2011,2
AUS,cty,2016,3
AUT,cty,2006,0
AUT,cty,2011,1
AUT,cty,2016,0
AZE,cty,2011,14
AZE,cty,2016,6
BDI,cty,2014,2
BEL,cty,2006,4
BEL,cty,2011,2
BEL,cty,2016,1
BFA,cty,2014,33
BGR,cty,2001,4
BGR,cty,2006,4
BGR,cty,2011,0
BGR,cty,2016,7
BHR,cty,2016,1
BLZ,cty,2001,7
BRA,cty,2006,3
BRA,cty,2013,2
BWA,cty,2011,7
CAN,cty,2001,0
CAN,cty,2011,1
CAN,cty,2016,0
CHL,cty,2006,5
CHL,cty,2013,9
CMR,cty,2014,10
COG,cty,2014,9
COL,cty,2006,3
COL,cty,2013,7
CRI,cty,2006,1
CRI,cty,2013,1
CYP,cty,2003,1
CYP,cty,2015,2
CZE,cty,2001,0
CZE,cty,2011,0
CZE,cty,2016,0
DEU,cty,2001,0
DEU,cty,2006,0
DEU,cty,2011,0
DEU,cty,2016,0
DNK,cty,2006,3
DNK,cty,2011,2
DNK,cty,2016,1
DOM,cty,2006,14
DOM,cty,2013,7
DZA,cty,2007,5
EAP,agg,2015,0
EAS,agg,2015,0
ECA,agg,2015,4
ECS,agg,2015,2
ECU,cty,2006,1
ECU,cty,2013,1
EGY,cty,2016,1
ESP,cty,2006,0
ESP,cty,2011,0
ESP,cty,2016,1
FIN,cty,2011,1
FIN,cty,2016,1
FRA,cty,2001,4
FRA,cty,2006,1
FRA,cty,2011,1
FRA,cty,2016,1
GBR,cty,2006,0
GBR,cty,2011,2
GBR,cty,2016,0
GEO,cty,2006,12
GEO,cty,2011,3
GEO,cty,2016,0
GRC,cty,2001,5
GTM,cty,2006,7
GTM,cty,2013,10
HIC,agg,2015,2
HKG,cty,2001,7
HKG,cty,2006,1
HKG,cty,2011,1
HKG,cty,2016,3
HND,cty,2013,17
HRV,cty,2011,2
HUN,cty,2001,3
HUN,cty,2006,3
HUN,cty,2011,3
HUN,cty,2016,3
IBD,agg,2015,1
IDB,agg,2015,30
IDN,cty,2006,7
IDN,cty,2011,0
IDX,agg,2015,22
IRL,cty,2011,3
IRL,cty,2016,0
IRN,cty,2001,17
IRN,cty,2006,1
IRN,cty,2011,0
IRN,cty,2016,1
ISL,cty,2001,1
ISL,cty,2006,3
ISR,cty,2001,2
ISR,cty,2006,2
ISR,cty,2011,3
ISR,cty,2016,2
ITA,cty,2001,0
ITA,cty,2006,1
ITA,cty,2011,2
ITA,cty,2016,2
JOR,cty,2015,3
JPN,cty,2003,0
JPN,cty,2007,1
JPN,cty,2011,1
JPN,cty,2015,1
KAZ,cty,2016,0
KOR,cty,2011,1
KOR,cty,2015,2
KWT,cty,2001,4
KWT,cty,2006,5
KWT,cty,2016,1
LAC,agg,2015,3
LCN,agg,2015,3
LIC,agg,2015,30
LMC,agg,2015,5
LNX,agg,2015,2
LTU,cty,2001,2
LTU,cty,2006,1
LTU,cty,2011,1
LTU,cty,2016,0
LUX,cty,2006,1
LVA,cty,2001,5
LVA,cty,2006,1
LVA,cty,2016,3
MAC,cty,2016,1
MAR,cty,2001,23
MAR,cty,2006,14
MAR,cty,2011,7
MAR,cty,2016,6
MEA,agg,2015,5
MEX,cty,2006,3
MEX,cty,2013,0
MKD,cty,2001,6
MKD,cty,2006,9
MLT,cty,2011,1
MNA,agg,2015,5
MNG,cty,2007,2
NAC,agg,2015,4
NER,cty,2014,44
NIC,cty,2006,1
NIC,cty,2013,0
NLD,cty,2001,1
NLD,cty,2006,1
NLD,cty,2011,1
NLD,cty,2016,1
NOR,cty,2001,0
NOR,cty,2006,1
NOR,cty,2011,0
NOR,cty,2016,0
NZL,cty,2006,2
NZL,cty,2011,2
NZL,cty,2016,1
OMN,cty,2011,3
OMN,cty,2016,1
PAN,cty,2006,2
PAN,cty,2013,7
PER,cty,2006,0
PER,cty,2013,4
POL,cty,2006,7
POL,cty,2011,5
POL,cty,2016,4
PRT,cty,2011,1
PRT,cty,2016,4
PRY,cty,2006,6
PRY,cty,2013,11
QAT,cty,2006,3
QAT,cty,2011,1
QAT,cty,2016,2
ROU,cty,2001,8
ROU,cty,2006,5
ROU,cty,2011,7
RUS,cty,2001,6
RUS,cty,2006,6
RUS,cty,2011,2
RUS,cty,2016,2
SAU,cty,2011,3
SEN,cty,2014,23
SGP,cty,2001,0
SGP,cty,2006,0
SGP,cty,2011,0
SGP,cty,2016,0
SLV,cty,2007,4
SRB,cty,2011,3
SRB,cty,2015,1
SSA,agg,2015,27
SSF,agg,2015,27
SVK,cty,2001,0
SVK,cty,2006,0
SVK,cty,2011,0
SVK,cty,2016,3
SVN,cty,2006,2
SVN,cty,2011,2
SVN,cty,2016,2
SWE,cty,2001,0
SWE,cty,2006,5
SWE,cty,2011,1
SWE,cty,2016,1
TCD,cty,2014,31
TGO,cty,2014,12
THA,cty,2011,2
TTO,cty,2006,6
TTO,cty,2011,2
TTO,cty,2016,2
TUN,cty,2003,0
TUN,cty,2007,3
TUN,cty,2011,0
TUR,cty,2011,5
TUR,cty,2015,5
UKR,cty,2007,12
UMC,agg,2015,2
URY,cty,2006,0
URY,cty,2013,1
USA,cty,2011,6
USA,cty,2016,4
WBC,agg,2015,8
WLD,agg,2015,8
YEM,cty,2003,42
YEM,cty,2007,31
YEM,cty,2011,27
ZAF,cty,2016,8
