countrycode,cty_or_agg,year,PRIM_BMP_FE
ARE,cty,2011,30
ARE,cty,2016,26
ARG,cty,2006,53
ARG,cty,2013,49
ARM,cty,2003,33
ARM,cty,2007,21
ARM,cty,2011,41
ARM,cty,2015,27
AUS,cty,2011,5
AUS,cty,2016,4
AUT,cty,2006,2
AUT,cty,2011,2
AUT,cty,2016,2
AZE,cty,2011,16
AZE,cty,2016,16
BDI,cty,2014,91
BEL,cty,2006,3
BEL,cty,2011,6
BEL,cty,2016,4
BFA,cty,2014,80
BGR,cty,2001,3
BGR,cty,2006,4
BGR,cty,2011,6
BGR,cty,2016,4
BHR,cty,2016,21
BLZ,cty,2001,71
BRA,cty,2006,46
BRA,cty,2013,46
BWA,cty,2011,37
CAN,cty,2001,2
CAN,cty,2011,2
CAN,cty,2016,4
CHL,cty,2006,37
CHL,cty,2013,27
CMR,cty,2014,73
COG,cty,2014,82
COL,cty,2006,53
COL,cty,2013,43
CRI,cty,2006,29
CRI,cty,2013,30
CYP,cty,2003,15
CYP,cty,2015,14
CZE,cty,2001,2
CZE,cty,2011,1
CZE,cty,2016,2
DEU,cty,2001,3
DEU,cty,2006,2
DEU,cty,2011,2
DEU,cty,2016,4
DNK,cty,2006,3
DNK,cty,2011,1
DNK,cty,2016,2
DOM,cty,2006,88
DOM,cty,2013,78
DZA,cty,2007,65
EAP,agg,2015,27
EAS,agg,2015,20
ECA,agg,2015,9
ECS,agg,2015,5
ECU,cty,2006,76
ECU,cty,2013,62
EGY,cty,2016,65
ESP,cty,2006,6
ESP,cty,2011,5
ESP,cty,2016,2
FIN,cty,2011,1
FIN,cty,2016,1
FRA,cty,2001,3
FRA,cty,2006,3
FRA,cty,2011,5
FRA,cty,2016,5
GBR,cty,2006,6
GBR,cty,2011,3
GBR,cty,2016,3
GEO,cty,2006,15
GEO,cty,2011,10
GEO,cty,2016,10
GRC,cty,2001,3
GTM,cty,2006,79
GTM,cty,2013,65
HIC,agg,2015,5
HKG,cty,2001,2
HKG,cty,2006,0
HKG,cty,2011,0
HKG,cty,2016,1
HND,cty,2013,67
HRV,cty,2011,1
HUN,cty,2001,1
HUN,cty,2006,2
HUN,cty,2011,4
HUN,cty,2016,2
IBD,agg,2015,37
IDB,agg,2015,74
IDN,cty,2006,41
IDN,cty,2011,29
IDX,agg,2015,84
IRL,cty,2011,2
IRL,cty,2016,2
IRN,cty,2001,38
IRN,cty,2006,38
IRN,cty,2011,20
IRN,cty,2016,25
ISL,cty,2001,5
ISL,cty,2006,4
ISR,cty,2001,11
ISR,cty,2006,13
ISR,cty,2011,6
ISR,cty,2016,7
ITA,cty,2001,3
ITA,cty,2006,1
ITA,cty,2011,2
ITA,cty,2016,1
JOR,cty,2015,47
JPN,cty,2003,3
JPN,cty,2007,2
JPN,cty,2011,1
JPN,cty,2015,1
KAZ,cty,2016,2
KOR,cty,2011,1
KOR,cty,2015,0
KWT,cty,2001,39
KWT,cty,2006,63
KWT,cty,2016,43
LAC,agg,2015,48
LCN,agg,2015,47
LIC,agg,2015,90
LMC,agg,2015,48
LNX,agg,2015,4
LTU,cty,2001,1
LTU,cty,2006,1
LTU,cty,2011,3
LTU,cty,2016,2
LUX,cty,2006,1
LVA,cty,2001,1
LVA,cty,2006,1
LVA,cty,2016,1
MAC,cty,2016,2
MAR,cty,2001,64
MAR,cty,2006,72
MAR,cty,2011,75
MAR,cty,2016,59
MEA,agg,2015,52
MEX,cty,2006,43
MEX,cty,2013,40
MKD,cty,2001,30
MKD,cty,2006,30
MLT,cty,2011,19
MNA,agg,2015,57
MNG,cty,2007,37
NAC,agg,2015,3
NER,cty,2014,98
NIC,cty,2006,73
NIC,cty,2013,65
NLD,cty,2001,0
NLD,cty,2006,0
NLD,cty,2011,0
NLD,cty,2016,1
NOR,cty,2001,9
NOR,cty,2006,6
NOR,cty,2011,4
NOR,cty,2016,4
NZL,cty,2006,5
NZL,cty,2011,6
NZL,cty,2016,8
OMN,cty,2011,44
OMN,cty,2016,32
PAN,cty,2006,66
PAN,cty,2013,61
PER,cty,2006,69
PER,cty,2013,52
POL,cty,2006,5
POL,cty,2011,4
POL,cty,2016,2
PRT,cty,2011,1
PRT,cty,2016,3
PRY,cty,2006,73
PRY,cty,2013,69
QAT,cty,2006,60
QAT,cty,2011,34
QAT,cty,2016,27
ROU,cty,2001,9
ROU,cty,2006,14
ROU,cty,2011,12
RUS,cty,2001,3
RUS,cty,2006,1
RUS,cty,2011,1
RUS,cty,2016,1
SAU,cty,2011,22
SEN,cty,2014,66
SGP,cty,2001,7
SGP,cty,2006,2
SGP,cty,2011,2
SGP,cty,2016,2
SLV,cty,2007,57
SRB,cty,2011,9
SRB,cty,2015,6
SSA,agg,2015,79
SSF,agg,2015,79
SVK,cty,2001,5
SVK,cty,2006,5
SVK,cty,2011,4
SVK,cty,2016,6
SVN,cty,2006,4
SVN,cty,2011,3
SVN,cty,2016,3
SWE,cty,2001,1
SWE,cty,2006,1
SWE,cty,2011,2
SWE,cty,2016,1
TCD,cty,2014,98
TGO,cty,2014,83
THA,cty,2011,19
TTO,cty,2006,30
TTO,cty,2011,16
TTO,cty,2016,15
TUN,cty,2003,73
TUN,cty,2007,64
TUN,cty,2011,61
TUR,cty,2011,23
TUR,cty,2015,17
UKR,cty,2007,16
UMC,agg,2015,37
URY,cty,2006,37
URY,cty,2013,37
USA,cty,2011,2
USA,cty,2016,3
WBC,agg,2015,49
WLD,agg,2015,38
YEM,cty,2003,80
YEM,cty,2007,91
YEM,cty,2011,93
ZAF,cty,2016,72
