countrycode,cty_or_agg,year,PRIM_BMP_MA
ARE,cty,2011,42
ARE,cty,2016,38
ARG,cty,2006,58
ARG,cty,2013,59
ARM,cty,2003,36
ARM,cty,2007,26
ARM,cty,2011,43
ARM,cty,2015,33
AUS,cty,2011,9
AUS,cty,2016,7
AUT,cty,2006,3
AUT,cty,2011,3
AUT,cty,2016,3
AZE,cty,2011,20
AZE,cty,2016,22
BDI,cty,2014,94
BEL,cty,2006,4
BEL,cty,2011,7
BEL,cty,2016,6
BFA,cty,2014,77
BGR,cty,2001,7
BGR,cty,2006,7
BGR,cty,2011,8
BGR,cty,2016,6
BHR,cty,2016,40
BLZ,cty,2001,78
BRA,cty,2006,54
BRA,cty,2013,48
BWA,cty,2011,52
CAN,cty,2001,4
CAN,cty,2011,3
CAN,cty,2016,5
CHL,cty,2006,39
CHL,cty,2013,33
CMR,cty,2014,78
COG,cty,2014,84
COL,cty,2006,51
COL,cty,2013,46
CRI,cty,2006,29
CRI,cty,2013,33
CYP,cty,2003,14
CYP,cty,2015,15
CZE,cty,2001,3
CZE,cty,2011,2
CZE,cty,2016,4
DEU,cty,2001,3
DEU,cty,2006,3
DEU,cty,2011,3
DEU,cty,2016,7
DNK,cty,2006,4
DNK,cty,2011,2
DNK,cty,2016,3
DOM,cty,2006,91
DOM,cty,2013,81
DZA,cty,2007,68
EAP,agg,2015,36
EAS,agg,2015,27
ECA,agg,2015,10
ECS,agg,2015,7
ECU,cty,2006,79
ECU,cty,2013,62
EGY,cty,2016,74
ESP,cty,2006,7
ESP,cty,2011,7
ESP,cty,2016,4
FIN,cty,2011,1
FIN,cty,2016,2
FRA,cty,2001,6
FRA,cty,2006,5
FRA,cty,2011,5
FRA,cty,2016,7
GBR,cty,2006,8
GBR,cty,2011,4
GBR,cty,2016,4
GEO,cty,2006,21
GEO,cty,2011,17
GEO,cty,2016,17
GRC,cty,2001,8
GTM,cty,2006,79
GTM,cty,2013,63
HIC,agg,2015,8
HKG,cty,2001,5
HKG,cty,2006,1
HKG,cty,2011,1
HKG,cty,2016,2
HND,cty,2013,71
HRV,cty,2011,1
HUN,cty,2001,3
HUN,cty,2006,3
HUN,cty,2011,6
HUN,cty,2016,3
IBD,agg,2015,44
IDB,agg,2015,79
IDN,cty,2006,51
IDN,cty,2011,39
IDX,agg,2015,85
IRL,cty,2011,4
IRL,cty,2016,3
IRN,cty,2001,51
IRN,cty,2006,42
IRN,cty,2011,28
IRN,cty,2016,44
ISL,cty,2001,10
ISL,cty,2006,9
ISR,cty,2001,16
ISR,cty,2006,16
ISR,cty,2011,8
ISR,cty,2016,11
ITA,cty,2001,4
ITA,cty,2006,2
ITA,cty,2011,3
ITA,cty,2016,3
JOR,cty,2015,53
JPN,cty,2003,4
JPN,cty,2007,3
JPN,cty,2011,2
JPN,cty,2015,1
KAZ,cty,2016,2
KOR,cty,2011,1
KOR,cty,2015,0
KWT,cty,2001,59
KWT,cty,2006,81
KWT,cty,2016,56
LAC,agg,2015,52
LCN,agg,2015,51
LIC,agg,2015,90
LMC,agg,2015,56
LNX,agg,2015,7
LTU,cty,2001,3
LTU,cty,2006,2
LTU,cty,2011,4
LTU,cty,2016,3
LUX,cty,2006,2
LVA,cty,2001,2
LVA,cty,2006,3
LVA,cty,2016,1
MAC,cty,2016,3
MAR,cty,2001,69
MAR,cty,2006,77
MAR,cty,2011,82
MAR,cty,2016,68
MEA,agg,2015,63
MEX,cty,2006,49
MEX,cty,2013,45
MKD,cty,2001,36
MKD,cty,2006,38
MLT,cty,2011,25
MNA,agg,2015,67
MNG,cty,2007,39
NAC,agg,2015,5
NER,cty,2014,98
NIC,cty,2006,74
NIC,cty,2013,73
NLD,cty,2001,1
NLD,cty,2006,1
NLD,cty,2011,1
NLD,cty,2016,2
NOR,cty,2001,14
NOR,cty,2006,11
NOR,cty,2011,7
NOR,cty,2016,8
NZL,cty,2006,11
NZL,cty,2011,10
NZL,cty,2016,12
OMN,cty,2011,61
OMN,cty,2016,50
PAN,cty,2006,73
PAN,cty,2013,68
PER,cty,2006,67
PER,cty,2013,55
POL,cty,2006,9
POL,cty,2011,7
POL,cty,2016,2
PRT,cty,2011,3
PRT,cty,2016,3
PRY,cty,2006,76
PRY,cty,2013,74
QAT,cty,2006,74
QAT,cty,2011,46
QAT,cty,2016,40
ROU,cty,2001,14
ROU,cty,2006,18
ROU,cty,2011,16
RUS,cty,2001,5
RUS,cty,2006,2
RUS,cty,2011,1
RUS,cty,2016,1
SAU,cty,2011,49
SEN,cty,2014,64
SGP,cty,2001,12
SGP,cty,2006,5
SGP,cty,2011,4
SGP,cty,2016,4
SLV,cty,2007,50
SRB,cty,2011,9
SRB,cty,2015,9
SSA,agg,2015,83
SSF,agg,2015,83
SVK,cty,2001,7
SVK,cty,2006,6
SVK,cty,2011,5
SVK,cty,2016,7
SVN,cty,2006,7
SVN,cty,2011,6
SVN,cty,2016,5
SWE,cty,2001,2
SWE,cty,2006,2
SWE,cty,2011,3
SWE,cty,2016,3
TCD,cty,2014,97
TGO,cty,2014,85
THA,cty,2011,25
TTO,cty,2006,41
TTO,cty,2011,28
TTO,cty,2016,24
TUN,cty,2003,74
TUN,cty,2007,71
TUN,cty,2011,69
TUR,cty,2011,25
TUR,cty,2015,18
UKR,cty,2007,20
UMC,agg,2015,42
URY,cty,2006,45
URY,cty,2013,46
USA,cty,2011,3
USA,cty,2016,5
WBC,agg,2015,54
WLD,agg,2015,43
YEM,cty,2003,80
YEM,cty,2007,93
YEM,cty,2011,94
ZAF,cty,2016,84
